timeSec,rawMm,unscaledRawMm,filteredMm,baselineMm,deflectionCm,confidence,status
0.053315162658691406,0.0,0.0,0.0,,0.0,0.6,calibrating-baseline
0.12078714370727539,0.0,0.0,0.0,,0.0,0.6,calibrating-baseline
0.18782496452331543,0.0,0.0,0.0,,0.0,0.6,calibrating-baseline
0.25408315658569336,0.0,0.0,0.0,,0.0,0.6,calibrating-baseline
0.3207540512084961,0.0,0.0,0.0,,0.0,0.6,calibrating-baseline
0.38797712326049805,0.0,0.0,0.0,,0.0,0.6,calibrating-baseline
0.45466089248657227,0.0,0.0,0.0,,0.0,0.6,calibrating-baseline
0.5214779376983643,0.0,0.0,0.0,,0.0,0.6,calibrating-baseline
0.5877809524536133,0.0,0.0,0.0,,0.0,0.6,calibrating-baseline
0.653508186340332,0.0,0.0,0.0,,0.0,0.6,calibrating-baseline
0.7217249870300293,0.0,0.0,0.0,,0.0,0.6,calibrating-baseline
0.7781140804290771,0.0,0.0,0.0,,0.0,0.6,calibrating-baseline
0.8483841419219971,0.0,0.0,0.0,,0.0,0.6,calibrating-baseline
0.913048267364502,0.0,0.0,0.0,,0.0,0.6,calibrating-baseline
0.983227014541626,0.0,0.0,0.0,,0.0,0.6,calibrating-baseline
1.0461220741271973,0.0,0.0,0.0,,0.0,0.6,calibrating-baseline
1.115009069442749,0.0,0.0,0.0,,0.0,0.6,calibrating-baseline
1.1803929805755615,0.0,0.0,0.0,,0.0,0.6,calibrating-baseline
1.246385097503662,0.0,0.0,0.0,,0.0,0.6,calibrating-baseline
1.313387155532837,0.0,0.0,0.0,,0.0,0.6,calibrating-baseline
1.3809540271759033,0.0,0.0,0.0,,0.0,0.6,calibrating-baseline
1.4467720985412598,0.0,0.0,0.0,,0.0,0.6,calibrating-baseline
1.5132849216461182,0.0,0.0,0.0,,0.0,0.6,calibrating-baseline
1.5826351642608643,0.0,0.0,0.0,,0.0,0.6,calibrating-baseline
1.653123140335083,0.0,0.0,0.0,,0.0,0.6,calibrating-baseline
1.7233710289001465,0.0,0.0,0.0,,0.0,0.6,calibrating-baseline
1.8091721534729004,0.0,0.0,0.0,,0.0,0.6,calibrating-baseline
1.871636152267456,0.0,0.0,0.0,,0.0,0.6,calibrating-baseline
1.9379150867462158,0.0,0.0,0.0,,0.0,0.6,calibrating-baseline
2.0037410259246826,0.0,0.0,0.0,,0.0,0.6,calibrating-baseline
2.070786237716675,0.0,0.0,0.0,,0.0,0.6,calibrating-baseline
2.138052225112915,0.0,0.0,0.0,,0.0,0.6,calibrating-baseline
2.205625057220459,0.0,0.0,0.0,,0.0,0.6,calibrating-baseline
2.272322177886963,0.0,0.0,0.0,,0.0,0.6,calibrating-baseline
2.33699893951416,0.0,0.0,0.0,,0.0,0.6,calibrating-baseline
2.404755115509033,0.0,0.0,0.0,,0.0,0.6,calibrating-baseline
2.47005295753479,0.0,0.0,0.0,,0.0,0.6,calibrating-baseline
2.5381929874420166,0.0,0.0,0.0,,0.0,0.6,calibrating-baseline
2.6047630310058594,0.0,0.0,0.0,,0.0,0.6,calibrating-baseline
2.671405076980591,0.0,0.0,0.0,,0.0,0.6,calibrating-baseline
2.737666130065918,0.0,0.0,0.0,,0.0,0.6,calibrating-baseline
2.8050880432128906,0.0,0.0,0.0,,0.0,0.6,calibrating-baseline
2.8719370365142822,0.0,0.0,0.0,,0.0,0.6,calibrating-baseline
2.938347101211548,0.0,0.0,0.0,,0.0,0.6,calibrating-baseline
3.005559206008911,0.0,0.0,0.0,,0.0,0.6,calibrating-baseline
3.0714869499206543,0.0,0.0,0.0,,0.0,0.6,calibrating-baseline
3.1392149925231934,0.0,0.0,0.0,,0.0,0.6,calibrating-baseline
3.2048721313476562,0.0,0.0,0.0,,0.0,0.6,calibrating-baseline
3.271289110183716,0.0,0.0,0.0,,0.0,0.6,calibrating-baseline
3.3381268978118896,0.0,0.0,0.0,,0.0,0.6,calibrating-baseline
3.4050660133361816,0.0,0.0,0.0,,0.0,0.6,calibrating-baseline
3.469982147216797,0.0,0.0,0.0,,0.0,0.6,calibrating-baseline
3.5376839637756348,0.0,0.0,0.0,,0.0,0.6,calibrating-baseline
3.603753089904785,0.0,0.0,0.0,,0.0,0.6,calibrating-baseline
3.6700732707977295,0.0,0.0,0.0,,0.0,0.6,calibrating-baseline
3.7382800579071045,0.0,0.0,0.0,,0.0,0.6,calibrating-baseline
3.8199870586395264,0.0,0.0,0.0,,0.0,0.6,calibrating-baseline
3.887235164642334,0.0,0.0,0.0,,0.0,0.6,calibrating-baseline
3.9544191360473633,0.0,0.0,0.0,,0.0,0.6,calibrating-baseline
4.021310091018677,0.0,0.0,0.0,64.36877129522058,0.0,0.6,calibrating-baseline
4.086783170700073,-0.0032011277915077498,-0.0032011277915077498,-0.0032011277915077498,64.36877129522058,-0.000320112779150775,0.6,tracking:fallback-aruco
4.15451717376709,-0.005924770502022728,-0.005924770502022728,-0.0032011277915077498,64.36877129522058,-0.000320112779150775,0.6,tracking:fallback-aruco
4.220555067062378,-0.0133102498021121,-0.0133102498021121,-0.0032011277915077498,64.36877129522058,-0.000320112779150775,0.6,tracking:fallback-aruco
4.28783106803894,-0.017644345152661868,-0.017644345152661868,-0.0032011277915077498,64.36877129522058,-0.000320112779150775,0.6,tracking:fallback-aruco
4.3547351360321045,-0.02026627506485886,-0.02026627506485886,-0.0032011277915077498,64.36877129522058,-0.000320112779150775,0.6,tracking:fallback-aruco
4.422045946121216,-0.013532126867798104,-0.013532126867798104,-0.0032011277915077498,64.36877129522058,-0.000320112779150775,0.6,tracking:fallback-aruco
4.48842716217041,-0.010761196019013746,-0.010761196019013746,-0.0032011277915077498,64.36877129522058,-0.000320112779150775,0.6,tracking:fallback-aruco
4.5546791553497314,-0.00721059029577387,-0.00721059029577387,-0.0032011277915077498,64.36877129522058,-0.000320112779150775,0.6,tracking:fallback-aruco
4.622042894363403,-0.007788334986917168,-0.007788334986917168,-0.0032011277915077498,64.36877129522058,-0.000320112779150775,0.6,tracking:fallback-aruco
4.685641050338745,-0.0063937795164890005,-0.0063937795164890005,-0.0032011277915077498,64.36877129522058,-0.000320112779150775,0.6,tracking:fallback-aruco
4.755151033401489,0.010200278843146468,0.010200278843146468,-0.0032011277915077498,64.36877129522058,-0.000320112779150775,0.6,tracking:fallback-aruco
4.821068048477173,0.0027569079193876756,0.0027569079193876756,-0.0032011277915077498,64.36877129522058,-0.000320112779150775,0.6,tracking:fallback-aruco
4.88189697265625,0.01599455326985546,0.01599455326985546,-0.0032011277915077498,64.36877129522058,-0.000320112779150775,0.6,tracking:fallback-aruco
4.942975997924805,0.01412669907421742,0.01412669907421742,-0.0032011277915077498,64.36877129522058,-0.000320112779150775,0.6,tracking:fallback-aruco
5.009058237075806,-0.0014275342125822249,-0.0014275342125822249,-0.0032011277915077498,64.36877129522058,-0.000320112779150775,0.6,tracking:fallback-aruco
5.080924034118652,-0.0025044951902474005,-0.0025044951902474005,-0.0032011277915077498,64.36877129522058,-0.000320112779150775,0.6,tracking:fallback-aruco
5.146399021148682,0.0017192111440332098,0.0017192111440332098,-0.0032011277915077498,64.36877129522058,-0.000320112779150775,0.6,tracking:fallback-aruco
5.214816093444824,0.0005356759029532513,0.0005356759029532513,-0.0032011277915077498,64.36877129522058,-0.000320112779150775,0.6,tracking:fallback-aruco
5.279780149459839,-0.001932359670862776,-0.001932359670862776,-0.0032011277915077498,64.36877129522058,-0.000320112779150775,0.6,tracking:fallback-aruco
5.348923921585083,-0.006212956763923691,-0.006212956763923691,-0.0032011277915077498,64.36877129522058,-0.000320112779150775,0.6,tracking:fallback-aruco
5.41775107383728,0.08857059584577022,0.08857059584577022,-0.0032011277915077498,64.36877129522058,-0.000320112779150775,0.6,tracking:fallback-aruco
5.481967210769653,0.005550275455206725,0.005550275455206725,-0.0032011277915077498,64.36877129522058,-0.000320112779150775,0.6,tracking:fallback-aruco
5.54725193977356,-0.010290025591285232,-0.010290025591285232,-0.0032011277915077498,64.36877129522058,-0.000320112779150775,0.6,tracking:fallback-aruco
5.614022970199585,-0.000723437296621227,-0.000723437296621227,-0.0032011277915077498,64.36877129522058,-0.000320112779150775,0.6,tracking:fallback-aruco
5.682543992996216,0.012404683344304872,0.012404683344304872,-0.0032011277915077498,64.36877129522058,-0.000320112779150775,0.6,tracking:fallback-aruco
5.749243974685669,0.011052872950464731,0.011052872950464731,-0.0032011277915077498,64.36877129522058,-0.000320112779150775,0.6,tracking:fallback-aruco
5.8145880699157715,0.012393465000787527,0.012393465000787527,-0.0032011277915077498,64.36877129522058,-0.000320112779150775,0.6,tracking:fallback-aruco
5.88239312171936,0.00043068446063442695,0.00043068446063442695,-0.0032011277915077498,64.36877129522058,-0.000320112779150775,0.6,tracking:fallback-aruco
5.946973085403442,-0.003093764282172097,-0.003093764282172097,-0.0032011277915077498,64.36877129522058,-0.000320112779150775,0.6,tracking:fallback-aruco
6.013221025466919,0.0036565955187197424,0.0036565955187197424,-0.0032011277915077498,64.36877129522058,-0.000320112779150775,0.6,tracking:fallback-aruco
6.080121278762817,0.007294727872153962,0.007294727872153962,-0.0032011277915077498,64.36877129522058,-0.000320112779150775,0.6,tracking:fallback-aruco
6.148642063140869,0.005314690241342468,0.005314690241342468,-0.0032011277915077498,64.36877129522058,-0.000320112779150775,0.6,tracking:fallback-aruco
6.21638298034668,-0.0023987268269991878,-0.0023987268269991878,-0.0032011277915077498,64.36877129522058,-0.000320112779150775,0.6,tracking:fallback-aruco
6.284079074859619,-0.000822178453070393,-0.000822178453070393,-0.0032011277915077498,64.36877129522058,-0.000320112779150775,0.6,tracking:fallback-aruco
6.362242221832275,-0.00439478607292013,-0.00439478607292013,-0.0032011277915077498,64.36877129522058,-0.000320112779150775,0.6,tracking:fallback-aruco
6.446110010147095,0.0007600427733001629,0.0007600427733001629,-0.0032011277915077498,64.36877129522058,-0.000320112779150775,0.6,tracking:fallback-aruco
6.514954090118408,0.009830073507074063,0.009830073507074063,-0.0032011277915077498,64.36877129522058,-0.000320112779150775,0.6,tracking:fallback-aruco
6.584449052810669,0.013537736039556776,0.013537736039556776,-0.0032011277915077498,64.36877129522058,-0.000320112779150775,0.6,tracking:fallback-aruco
6.650155067443848,0.032076048701970346,0.032076048701970346,-0.0032011277915077498,64.36877129522058,-0.000320112779150775,0.6,tracking:fallback-aruco
6.715605020523071,0.014076216528389364,0.014076216528389364,-0.0032011277915077498,64.36877129522058,-0.000320112779150775,0.6,tracking:fallback-aruco
6.788244009017944,0.004131155000262509,0.004131155000262509,-0.0032011277915077498,64.36877129522058,-0.000320112779150775,0.6,tracking:fallback-aruco
6.848006963729858,0.005112760058030247,0.005112760058030247,-0.0032011277915077498,64.36877129522058,-0.000320112779150775,0.6,tracking:fallback-aruco
6.914021015167236,0.09710185337409799,0.09710185337409799,-0.0032011277915077498,64.36877129522058,-0.000320112779150775,0.6,tracking:fallback-aruco
6.984294891357422,0.09491536377954954,0.09491536377954954,-0.0032011277915077498,64.36877129522058,-0.000320112779150775,0.6,tracking:fallback-aruco
7.047414064407349,0.10626803789379333,0.10626803789379333,-0.0032011277915077498,64.36877129522058,-0.000320112779150775,0.6,tracking:fallback-aruco
7.115001201629639,0.10793459007883467,0.10793459007883467,-0.0032011277915077498,64.36877129522058,-0.000320112779150775,0.6,tracking:fallback-aruco
7.187557935714722,0.01989853681389172,0.01989853681389172,-0.0032011277915077498,64.36877129522058,-0.000320112779150775,0.6,tracking:fallback-aruco
7.246557950973511,0.12309683681638986,0.12309683681638986,-0.0032011277915077498,64.36877129522058,-0.000320112779150775,0.6,tracking:fallback-aruco
7.3177330493927,0.021457886562802755,0.021457886562802755,-0.0032011277915077498,64.36877129522058,-0.000320112779150775,0.6,tracking:fallback-aruco
7.382170915603638,0.0212223013489385,0.0212223013489385,-0.0032011277915077498,64.36877129522058,-0.000320112779150775,0.6,tracking:fallback-aruco
7.445443153381348,0.006195663384682181,0.006195663384682181,-0.0032011277915077498,64.36877129522058,-0.000320112779150775,0.6,tracking:fallback-aruco
7.512784004211426,0.004467295679913958,0.004467295679913958,-0.0032011277915077498,64.36877129522058,-0.000320112779150775,0.6,tracking:fallback-aruco
7.5820701122283936,0.004433516506530865,0.004433516506530865,-0.0032011277915077498,64.36877129522058,-0.000320112779150775,0.6,tracking:fallback-aruco
7.649692058563232,0.011748410248540156,0.011748410248540156,-0.0032011277915077498,64.36877129522058,-0.000320112779150775,0.6,tracking:fallback-aruco
7.715705156326294,0.016291839373065116,0.016291839373065116,-0.0032011277915077498,64.36877129522058,-0.000320112779150775,0.6,tracking:fallback-aruco
7.7811479568481445,0.01861403648115565,0.01861403648115565,-0.0032011277915077498,64.36877129522058,-0.000320112779150775,0.6,tracking:fallback-aruco
7.847733020782471,0.01927591874867904,0.01927591874867904,-0.0032011277915077498,64.36877129522058,-0.000320112779150775,0.6,tracking:fallback-aruco
7.912487030029297,0.021401794845216027,0.021401794845216027,-0.0032011277915077498,64.36877129522058,-0.000320112779150775,0.6,tracking:fallback-aruco
7.98167610168457,0.02241144576177713,0.02241144576177713,-0.0032011277915077498,64.36877129522058,-0.000320112779150775,0.6,tracking:fallback-aruco
8.047302007675171,0.019623687397716753,0.019623687397716753,-0.0032011277915077498,64.36877129522058,-0.000320112779150775,0.6,tracking:fallback-aruco
8.114028215408325,0.019040333534814782,0.019040333534814782,-0.0032011277915077498,64.36877129522058,-0.000320112779150775,0.6,tracking:fallback-aruco
8.18349289894104,0.10229891559476259,0.10229891559476259,-0.0032011277915077498,64.36877129522058,-0.000320112779150775,0.6,tracking:fallback-aruco
8.248045206069946,0.00031361446148045913,0.00031361446148045913,-0.0032011277915077498,64.36877129522058,-0.000320112779150775,0.6,tracking:fallback-aruco
8.347204208374023,-0.0006558789498550423,-0.0006558789498550423,-0.0032011277915077498,64.36877129522058,-0.000320112779150775,0.6,tracking:fallback-aruco
8.415139198303223,0.003048570397824081,0.003048570397824081,-0.0032011277915077498,64.36877129522058,-0.000320112779150775,0.6,tracking:fallback-aruco
8.48237919807434,0.003788995522983469,0.003788995522983469,-0.0032011277915077498,64.36877129522058,-0.000320112779150775,0.6,tracking:fallback-aruco
8.548727035522461,-0.0006389893631634962,-0.0006389893631634962,-0.0032011277915077498,64.36877129522058,-0.000320112779150775,0.6,tracking:fallback-aruco
8.612804174423218,0.008573619033131358,0.008573619033131358,-0.0032011277915077498,64.36877129522058,-0.000320112779150775,0.6,tracking:fallback-aruco
8.68041205406189,0.012270063222096726,0.012270063222096726,-0.0032011277915077498,64.36877129522058,-0.000320112779150775,0.6,tracking:fallback-aruco
8.750525951385498,0.007995874341988061,0.007995874341988061,-0.0032011277915077498,64.36877129522058,-0.000320112779150775,0.6,tracking:fallback-aruco
8.816588163375854,0.09045987523177253,0.09045987523177253,-0.0032011277915077498,64.36877129522058,-0.000320112779150775,0.6,tracking:fallback-aruco
8.879565238952637,0.09186699745152647,0.09186699745152647,-0.0032011277915077498,64.36877129522058,-0.000320112779150775,0.6,tracking:fallback-aruco
8.948174238204956,-0.0009655213725333885,-0.0009655213725333885,-0.0032011277915077498,64.36877129522058,-0.000320112779150775,0.6,tracking:fallback-aruco
9.010570049285889,0.00666650063518261,0.00666650063518261,-0.0032011277915077498,64.36877129522058,-0.000320112779150775,0.6,tracking:fallback-aruco
9.080228090286255,0.08855545680584047,0.08855545680584047,-0.0032011277915077498,64.36877129522058,-0.000320112779150775,0.6,tracking:fallback-aruco
9.148091077804565,-0.001065159026830028,-0.001065159026830028,-0.0032011277915077498,64.36877129522058,-0.000320112779150775,0.6,tracking:fallback-aruco
9.215865850448608,0.004026131600086975,0.004026131600086975,-0.0032011277915077498,64.36877129522058,-0.000320112779150775,0.6,tracking:fallback-aruco
9.287024021148682,0.09671126526213658,0.09671126526213658,-0.0032011277915077498,64.36877129522058,-0.000320112779150775,0.6,tracking:fallback-aruco
9.348022222518921,0.021239128864214515,0.021239128864214515,-0.0032011277915077498,64.36877129522058,-0.000320112779150775,0.6,tracking:fallback-aruco
9.4184410572052,0.01587676066292333,0.01587676066292333,-0.0032011277915077498,64.36877129522058,-0.000320112779150775,0.6,tracking:fallback-aruco
9.482867956161499,0.017273444430832854,0.017273444430832854,-0.0032011277915077498,64.36877129522058,-0.000320112779150775,0.6,tracking:fallback-aruco
9.546104192733765,0.002023935471870281,0.002023935471870281,-0.0032011277915077498,64.36877129522058,-0.000320112779150775,0.6,tracking:fallback-aruco
9.616724014282227,0.004557373475602204,0.004557373475602204,-0.0032011277915077498,64.36877129522058,-0.000320112779150775,0.6,tracking:fallback-aruco
9.682699203491211,0.002130902854250073,0.002130902854250073,-0.0032011277915077498,64.36877129522058,-0.000320112779150775,0.6,tracking:fallback-aruco
9.747577905654907,0.0023842466546232653,0.0023842466546232653,-0.0032011277915077498,64.36877129522058,-0.000320112779150775,0.6,tracking:fallback-aruco
9.814755201339722,-0.0009655213725333885,-0.0009655213725333885,-0.0032011277915077498,64.36877129522058,-0.000320112779150775,0.6,tracking:fallback-aruco
9.882997989654541,0.0072049811240151975,0.0072049811240151975,-0.0032011277915077498,64.36877129522058,-0.000320112779150775,0.6,tracking:fallback-aruco
9.952166080474854,-0.004114327484986491,-0.004114327484986491,-0.0032011277915077498,64.36877129522058,-0.000320112779150775,0.6,tracking:fallback-aruco
10.011142015457153,-0.09622337757714546,-0.09622337757714546,-0.0032011277915077498,64.36877129522058,-0.000320112779150775,0.6,tracking:fallback-aruco
10.078207015991211,0.007473642111009173,0.007473642111009173,-0.0032011277915077498,64.36877129522058,-0.000320112779150775,0.6,tracking:fallback-aruco
10.146520137786865,0.0072386361545672346,0.0072386361545672346,-0.0032011277915077498,64.36877129522058,-0.000320112779150775,0.6,tracking:fallback-aruco
10.212659120559692,0.004944484905270064,0.004944484905270064,-0.0032011277915077498,64.36877129522058,-0.000320112779150775,0.6,tracking:fallback-aruco
10.283473014831543,0.008785400010719258,0.008785400010719258,-0.0032011277915077498,64.36877129522058,-0.000320112779150775,0.6,tracking:fallback-aruco
10.348520994186401,0.0040543851551753055,0.0040543851551753055,-0.0032011277915077498,64.36877129522058,-0.000320112779150775,0.6,tracking:fallback-aruco
10.41142988204956,-0.005387952955344465,-0.005387952955344465,-0.0032011277915077498,64.36877129522058,-0.000320112779150775,0.6,tracking:fallback-aruco
10.471855878829956,-0.09841665346194022,-0.09841665346194022,-0.0032011277915077498,64.36877129522058,-0.000320112779150775,0.6,tracking:fallback-aruco
10.542845964431763,-0.4652194295213334,-0.4652194295213334,-0.0032011277915077498,64.36877129522058,-0.000320112779150775,0.6,tracking:fallback-aruco
10.61471700668335,-1.2147784208999635,-1.2147784208999635,-0.0032011277915077498,64.36877129522058,-0.000320112779150775,0.6,tracking:fallback-aruco
10.679704189300537,-1.9477744209012668,-1.9477744209012668,-0.0032011277915077498,64.36877129522058,-0.000320112779150775,0.6,tracking:fallback-aruco
10.749872922897339,-2.4915996761483727,-2.4915996761483727,-0.0032011277915077498,64.36877129522058,-0.000320112779150775,0.6,tracking:fallback-aruco
10.813791036605835,-3.6007802391952803,-3.6007802391952803,-0.0032011277915077498,64.36877129522058,-0.000320112779150775,0.6,tracking:fallback-aruco
10.88210415840149,-4.615748713943215,-4.615748713943215,-0.0032011277915077498,64.36877129522058,-0.000320112779150775,0.6,tracking:fallback-aruco
10.948240041732788,-5.719509141786349,-5.719509141786349,-0.20579531885204214,64.36877129522058,-0.020579531885204214,0.6,tracking:fallback-aruco
11.013015031814575,-6.453305676452441,-6.453305676452441,-0.20579531885204214,64.36877129522058,-0.020579531885204214,0.6,tracking:fallback-aruco
11.087260961532593,-7.645731540465094,-7.645731540465094,-0.4882599353918694,64.36877129522058,-0.04882599353918694,0.6,tracking:fallback-aruco
11.154109954833984,-8.172782934229904,-8.172782934229904,-0.6901558033070674,64.36877129522058,-0.06901558033070673,0.6,tracking:fallback-aruco
11.211449146270752,-8.94223200883723,-8.94223200883723,-0.9318481930446694,64.36877129522058,-0.09318481930446694,0.6,tracking:fallback-aruco
11.279808044433594,-9.588439445134897,-9.588439445134897,-1.1995040800228467,64.36877129522058,-0.11995040800228467,0.6,tracking:fallback-aruco
11.349477052688599,-10.569911501435188,-10.569911501435188,-1.507225166091846,64.36877129522058,-0.15072251660918462,0.6,tracking:fallback-aruco
11.413897037506104,-11.913418672816393,-11.913418672816393,-1.832410338396138,64.36877129522058,-0.18324103383961382,0.6,tracking:fallback-aruco
11.481350898742676,-13.031954571521508,-13.031954571521508,-2.1820879719791804,64.36877129522058,-0.21820879719791803,0.6,tracking:fallback-aruco
11.5487220287323,-13.99736328026582,-13.99736328026582,-2.550894646901258,64.36877129522058,-0.2550894646901258,0.6,tracking:fallback-aruco
11.616262912750244,-14.833654233415839,-14.833654233415839,-2.9487192246439773,64.36877129522058,-0.29487192246439775,0.6,tracking:fallback-aruco
11.681373119354248,-15.257237963510573,-15.257237963510573,-3.3841643613090637,64.36877129522058,-0.3384164361309064,0.6,tracking:fallback-aruco
11.748924970626831,-15.583000770572019,-15.583000770572019,-3.8478824455978,64.36877129522058,-0.38478824455978,0.6,tracking:fallback-aruco
11.811738014221191,-16.14398031320054,-16.14398031320054,-4.333245476495871,64.36877129522058,-0.4333245476495871,0.6,tracking:fallback-aruco
11.881570100784302,-16.213050883112395,-16.213050883112395,-4.834010608759604,64.36877129522058,-0.48340106087596035,0.6,tracking:fallback-aruco
11.946446895599365,-16.34202107098504,-16.34202107098504,-5.334727992410463,64.36877129522058,-0.5334727992410463,0.6,tracking:fallback-aruco
12.0137460231781,-16.384491370148503,-16.384491370148503,-5.829831912453216,64.36877129522058,-0.5829831912453216,0.6,tracking:fallback-aruco
12.080631017684937,-16.24916539814316,-16.24916539814316,-6.324674186262788,64.36877129522058,-0.6324674186262789,0.6,tracking:fallback-aruco
12.147193193435669,-16.450110359398632,-16.450110359398632,-6.802225327119805,64.36877129522058,-0.6802225327119805,0.6,tracking:fallback-aruco
12.21428108215332,-16.24009519936505,-16.24009519936505,-7.263243054801675,64.36877129522058,-0.7263243054801676,0.6,tracking:fallback-aruco
12.28214406967163,-16.247786007267532,-16.247786007267532,-7.705003120376376,64.36877129522058,-0.7705003120376376,0.6,tracking:fallback-aruco
12.34629511833191,-16.247003414076868,-16.247003414076868,-8.122189665024116,64.36877129522058,-0.8122189665024117,0.6,tracking:fallback-aruco
12.41740107536316,-16.45811958384705,-16.45811958384705,-8.525996677720512,64.36877129522058,-0.8525996677720512,0.6,tracking:fallback-aruco
12.483338117599487,-16.39143675411295,-16.39143675411295,-8.903792668744714,64.36877129522058,-0.8903792668744714,0.6,tracking:fallback-aruco
12.547000169754028,-16.425180297698535,-16.425180297698535,-9.263566359227518,64.36877129522058,-0.9263566359227517,0.6,tracking:fallback-aruco
12.616958141326904,-16.253461215441543,-16.253461215441543,-9.605521876268014,64.36877129522058,-0.9605521876268014,0.6,tracking:fallback-aruco
12.68169093132019,-16.2461194778831,-16.2461194778831,-9.937487615308207,64.36877129522058,-0.9937487615308207,0.6,tracking:fallback-aruco
12.746756076812744,-16.52706193548242,-16.52706193548242,-10.251296857356206,64.36877129522058,-1.0251296857356205,0.6,tracking:fallback-aruco
12.81285309791565,-17.05262150824548,-17.05262150824548,-10.552413318966067,64.36877129522058,-1.0552413318966067,0.6,tracking:fallback-aruco
12.879767179489136,-17.639172129089218,-17.639172129089218,-10.836041066121869,64.36877129522058,-1.0836041066121869,0.6,tracking:fallback-aruco
12.94868516921997,-18.006183863960622,-18.006183863960622,-11.108940866524467,64.36877129522058,-1.1108940866524466,0.6,tracking:fallback-aruco
13.015673875808716,-18.459336114746787,-18.459336114746787,-11.381232858316647,64.36877129522058,-1.1381232858316648,0.6,tracking:fallback-aruco
13.0799241065979,-18.759472288161522,-18.759472288161522,-11.661396151610303,64.36877129522058,-1.1661396151610304,0.6,tracking:fallback-aruco
13.150809288024902,-19.296254138297993,-19.296254138297993,-11.95193416249012,64.36877129522058,-1.195193416249012,0.6,tracking:fallback-aruco
13.213849067687988,-19.546314827202238,-19.546314827202238,-12.246181963807649,64.36877129522058,-1.224618196380765,0.6,tracking:fallback-aruco
13.281759023666382,-19.655522673067576,-19.655522673067576,-12.54691013794885,64.36877129522058,-1.254691013794885,0.6,tracking:fallback-aruco
13.34829592704773,-19.659165439414743,-19.659165439414743,-12.848426526350744,64.36877129522058,-1.2848426526350745,0.6,tracking:fallback-aruco
13.417647123336792,-19.950462427993003,-19.950462427993003,-13.157749554119853,64.36877129522058,-1.3157749554119853,0.6,tracking:fallback-aruco
13.479364156723022,-20.39382595068846,-20.39382595068846,-13.465138579665695,64.36877129522058,-1.3465138579665694,0.6,tracking:fallback-aruco
13.549830913543701,-20.776168786086682,-20.776168786086682,-13.766252284765386,64.36877129522058,-1.3766252284765386,0.6,tracking:fallback-aruco
13.612865209579468,-21.20498722344832,-21.20498722344832,-14.058004377832727,64.36877129522058,-1.4058004377832727,0.6,tracking:fallback-aruco
13.679059028625488,-21.407576950402703,-21.407576950402703,-14.349784371972017,64.36877129522058,-1.4349784371972016,0.6,tracking:fallback-aruco
13.7483971118927,-21.498472459740128,-21.498472459740128,-14.645565468506737,64.36877129522058,-1.4645565468506736,0.6,tracking:fallback-aruco
13.815138101577759,-21.408125891360474,-21.408125891360474,-14.942572776186177,64.36877129522058,-1.4942572776186176,0.6,tracking:fallback-aruco
13.882211208343506,-21.502225043348638,-21.502225043348638,-15.242191016404625,64.36877129522058,-1.5242191016404625,0.6,tracking:fallback-aruco
13.946264266967773,-21.698875299286183,-21.698875299286183,-15.5374879704786,64.36877129522058,-1.5537487970478598,0.6,tracking:fallback-aruco
14.013902187347412,-21.697033920171307,-21.697033920171307,-15.824578004529709,64.36877129522058,-1.5824578004529708,0.6,tracking:fallback-aruco
14.08008098602295,-21.698668990804116,-21.698668990804116,-16.097278672651413,64.36877129522058,-1.6097278672651414,0.6,tracking:fallback-aruco
14.148557186126709,-21.700046039999155,-21.700046039999155,-16.361415704890767,64.36877129522058,-1.6361415704890767,0.6,tracking:fallback-aruco
14.22001600265503,-21.693867548396966,-21.693867548396966,-16.61983239918495,64.36877129522058,-1.661983239918495,0.6,tracking:fallback-aruco
14.281627893447876,-21.689242794583073,-21.689242794583073,-16.866123021092797,64.36877129522058,-1.6866123021092796,0.6,tracking:fallback-aruco
14.346943140029907,-21.68969152751832,-21.68969152751832,-17.100817576676437,64.36877129522058,-1.7100817576676437,0.6,tracking:fallback-aruco
14.41641092300415,-21.688109743921576,-21.688109743921576,-17.32464171591448,64.36877129522058,-1.7324641715914482,0.6,tracking:fallback-aruco
14.481787919998169,-21.777206551744698,-21.777206551744698,-17.537876563434708,64.36877129522058,-1.7537876563434707,0.6,tracking:fallback-aruco
14.550426959991455,-21.847574487004408,-21.847574487004408,-17.740848276893058,64.36877129522058,-1.7740848276893058,0.6,tracking:fallback-aruco
14.610397100448608,-22.014657238962645,-22.014657238962645,-17.740848276893058,64.36877129522058,-1.7740848276893058,0.6,tracking:fallback-aruco
14.679344892501831,-21.934396400494528,-21.934396400494528,-18.119180231444215,64.36877129522058,-1.8119180231444214,0.6,tracking:fallback-aruco
14.755944013595581,-21.934117722565144,-21.934117722565144,-18.119180231444215,64.36877129522058,-1.8119180231444214,0.6,tracking:fallback-aruco
14.819606065750122,-21.934784860638516,-21.934784860638516,-18.47095437334768,64.36877129522058,-1.847095437334768,0.6,tracking:fallback-aruco
14.884797096252441,-22.029713530393227,-22.029713530393227,-18.47095437334768,64.36877129522058,-1.847095437334768,0.6,tracking:fallback-aruco
14.95223617553711,-22.028306505973553,-22.028306505973553,-18.80150436513455,64.36877129522058,-1.8801504365134551,0.6,tracking:fallback-aruco
15.01459789276123,-22.030530056612672,-22.030530056612672,-18.80150436513455,64.36877129522058,-1.8801504365134551,0.6,tracking:fallback-aruco
15.078150033950806,-22.04289821770299,-22.04289821770299,-19.100567169878026,64.36877129522058,-1.9100567169878027,0.6,tracking:fallback-aruco
15.150768041610718,-22.034429039944293,-22.034429039944293,-19.100567169878026,64.36877129522058,-1.9100567169878027,0.6,tracking:fallback-aruco
15.217283248901367,-22.12368455455995,-22.12368455455995,-19.37839750414837,64.36877129522058,-1.937839750414837,0.6,tracking:fallback-aruco
15.28171706199646,-22.033047443676786,-22.033047443676786,-19.37839750414837,64.36877129522058,-1.937839750414837,0.6,tracking:fallback-aruco
15.344271898269653,-22.12830415761439,-22.12830415761439,-19.631208532004337,64.36877129522058,-1.9631208532004336,0.6,tracking:fallback-aruco
15.41480302810669,-22.125218750540583,-22.125218750540583,-19.631208532004337,64.36877129522058,-1.9631208532004336,0.6,tracking:fallback-aruco
15.48320484161377,-22.12533218462418,-22.12533218462418,-19.8638784068867,64.36877129522058,-1.98638784068867,0.6,tracking:fallback-aruco
15.547864198684692,-22.128168036714076,-22.128168036714076,-19.8638784068867,64.36877129522058,-1.98638784068867,0.6,tracking:fallback-aruco
15.616505861282349,-22.12582278703573,-22.12582278703573,-20.075236513572086,64.36877129522058,-2.0075236513572086,0.6,tracking:fallback-aruco
15.684635877609253,-22.12694011275915,-22.12694011275915,-20.075236513572086,64.36877129522058,-2.0075236513572086,0.6,tracking:fallback-aruco
15.75261116027832,-22.132702564205818,-22.132702564205818,-20.075236513572086,64.36877129522058,-2.0075236513572086,0.6,tracking:fallback-aruco
15.817678928375244,-22.121271244431448,-22.121271244431448,-20.36025771712601,64.36877129522058,-2.036025771712601,0.6,tracking:fallback-aruco
15.884706020355225,-22.139069052147633,-22.139069052147633,-20.36025771712601,64.36877129522058,-2.036025771712601,0.6,tracking:fallback-aruco
15.949377059936523,-22.21846177230669,-22.21846177230669,-20.36025771712601,64.36877129522058,-2.036025771712601,0.6,tracking:fallback-aruco
16.017947912216187,-22.22080153752747,-22.22080153752747,-20.60704039083167,64.36877129522058,-2.0607040390831672,0.6,tracking:fallback-aruco
16.08254909515381,-22.21984798357496,-22.21984798357496,-20.60704039083167,64.36877129522058,-2.0607040390831672,0.6,tracking:fallback-aruco
16.149370908737183,-22.220089930100226,-22.220089930100226,-20.60704039083167,64.36877129522058,-2.0607040390831672,0.6,tracking:fallback-aruco
16.214735984802246,-22.220371726641417,-22.220371726641417,-20.82392759732365,64.36877129522058,-2.082392759732365,0.6,tracking:fallback-aruco
16.281376123428345,-22.151017773358237,-22.151017773358237,-20.82392759732365,64.36877129522058,-2.082392759732365,0.6,tracking:fallback-aruco
16.348010063171387,-22.15057702472295,-22.15057702472295,-20.82392759732365,64.36877129522058,-2.082392759732365,0.6,tracking:fallback-aruco
16.41537308692932,-22.059727940969957,-22.059727940969957,-20.82392759732365,64.36877129522058,-2.082392759732365,0.6,tracking:fallback-aruco
16.485147953033447,-22.221234194843237,-22.221234194843237,-21.07465474777588,64.36877129522058,-2.1074654747775883,0.6,tracking:fallback-aruco
16.550201892852783,-22.05501782075537,-22.05501782075537,-21.07465474777588,64.36877129522058,-2.1074654747775883,0.6,tracking:fallback-aruco
16.613418102264404,-22.124977703112943,-22.124977703112943,-21.07465474777588,64.36877129522058,-2.1074654747775883,0.6,tracking:fallback-aruco
16.679022073745728,-22.03317740978784,-22.03317740978784,-21.07465474777588,64.36877129522058,-2.1074654747775883,0.6,tracking:fallback-aruco
16.746581077575684,-22.034225614726992,-22.034225614726992,-21.07465474777588,64.36877129522058,-2.1074654747775883,0.6,tracking:fallback-aruco
16.81541895866394,-22.03569479685195,-22.03569479685195,-21.307815045619215,64.36877129522058,-2.1307815045619214,0.6,tracking:fallback-aruco
16.882915258407593,-22.02214724244969,-22.02214724244969,-21.307815045619215,64.36877129522058,-2.1307815045619214,0.6,tracking:fallback-aruco
16.94676423072815,-22.04476699647357,-22.04476699647357,-21.307815045619215,64.36877129522058,-2.1307815045619214,0.6,tracking:fallback-aruco
17.01598811149597,-22.05067620867469,-22.05067620867469,-21.307815045619215,64.36877129522058,-2.1307815045619214,0.6,tracking:fallback-aruco
17.081794023513794,-22.055730213248776,-22.055730213248776,-21.307815045619215,64.36877129522058,-2.1307815045619214,0.6,tracking:fallback-aruco
17.146185159683228,-22.054798484530572,-22.054798484530572,-21.307815045619215,64.36877129522058,-2.1307815045619214,0.6,tracking:fallback-aruco
17.213299036026,-22.05891103938645,-22.05891103938645,-21.307815045619215,64.36877129522058,-2.1307815045619214,0.6,tracking:fallback-aruco
17.28276801109314,-22.0635190149505,-22.0635190149505,-21.527376794351355,64.36877129522058,-2.1527376794351354,0.6,tracking:fallback-aruco
17.346947193145752,-22.063870876248917,-22.063870876248917,-21.527376794351355,64.36877129522058,-2.1527376794351354,0.6,tracking:fallback-aruco
17.416704177856445,-22.05109517158882,-22.05109517158882,-21.527376794351355,64.36877129522058,-2.1527376794351354,0.6,tracking:fallback-aruco
17.480666875839233,-22.130658576781972,-22.130658576781972,-21.527376794351355,64.36877129522058,-2.1527376794351354,0.6,tracking:fallback-aruco
17.550849199295044,-22.061428086840642,-22.061428086840642,-21.527376794351355,64.36877129522058,-2.1527376794351354,0.6,tracking:fallback-aruco
17.613461017608643,-22.145716289446348,-22.145716289446348,-21.527376794351355,64.36877129522058,-2.1527376794351354,0.6,tracking:fallback-aruco
17.679468154907227,-22.068082965249822,-22.068082965249822,-21.527376794351355,64.36877129522058,-2.1527376794351354,0.6,tracking:fallback-aruco
17.74734902381897,-22.099191300059523,-22.099191300059523,-21.527376794351355,64.36877129522058,-2.1527376794351354,0.6,tracking:fallback-aruco
17.815696954727173,-22.096746795558033,-22.096746795558033,-21.527376794351355,64.36877129522058,-2.1527376794351354,0.6,tracking:fallback-aruco
17.882500171661377,-22.13480109475234,-22.13480109475234,-21.527376794351355,64.36877129522058,-2.1527376794351354,0.6,tracking:fallback-aruco
17.949913263320923,-22.13855576291936,-22.13855576291936,-21.743877772191496,64.36877129522058,-2.1743877772191498,0.6,tracking:fallback-aruco
18.01362895965576,-22.140535187678108,-22.140535187678108,-21.743877772191496,64.36877129522058,-2.1743877772191498,0.6,tracking:fallback-aruco
18.082741022109985,-22.143907015812996,-22.143907015812996,-21.743877772191496,64.36877129522058,-2.1743877772191498,0.6,tracking:fallback-aruco
18.146446228027344,-22.153849513240168,-22.153849513240168,-21.743877772191496,64.36877129522058,-2.1743877772191498,0.6,tracking:fallback-aruco
18.21213698387146,-22.15025932449436,-22.15025932449436,-21.743877772191496,64.36877129522058,-2.1743877772191498,0.6,tracking:fallback-aruco
18.281414031982422,-22.149105132693773,-22.149105132693773,-21.743877772191496,64.36877129522058,-2.1743877772191498,0.6,tracking:fallback-aruco
18.34751605987549,-22.14696122851381,-22.14696122851381,-21.743877772191496,64.36877129522058,-2.1743877772191498,0.6,tracking:fallback-aruco
18.413952112197876,-22.134636615331125,-22.134636615331125,-21.743877772191496,64.36877129522058,-2.1743877772191498,0.6,tracking:fallback-aruco
18.48427700996399,-22.12719250359515,-22.12719250359515,-21.743877772191496,64.36877129522058,-2.1743877772191498,0.6,tracking:fallback-aruco
18.546709060668945,-22.128414755845895,-22.128414755845895,-21.743877772191496,64.36877129522058,-2.1743877772191498,0.6,tracking:fallback-aruco
18.613945960998535,-22.14588360471965,-22.14588360471965,-21.743877772191496,64.36877129522058,-2.1743877772191498,0.6,tracking:fallback-aruco
18.678381204605103,-22.146124652147293,-22.146124652147293,-21.743877772191496,64.36877129522058,-2.1743877772191498,0.6,tracking:fallback-aruco
18.746360063552856,-22.14047563478422,-22.14047563478422,-21.743877772191496,64.36877129522058,-2.1743877772191498,0.6,tracking:fallback-aruco
18.81957507133484,-22.11122665632904,-22.11122665632904,-21.743877772191496,64.36877129522058,-2.1743877772191498,0.6,tracking:fallback-aruco
18.87987208366394,-22.113149364045988,-22.113149364045988,-21.743877772191496,64.36877129522058,-2.1743877772191498,0.6,tracking:fallback-aruco
18.953508138656616,-22.119240774335083,-22.119240774335083,-21.950954462363896,64.36877129522058,-2.1950954462363894,0.6,tracking:fallback-aruco
19.0209219455719,-22.11936271597495,-22.11936271597495,-21.950954462363896,64.36877129522058,-2.1950954462363894,0.6,tracking:fallback-aruco
19.080890893936157,-22.038921346826378,-22.038921346826378,-21.950954462363896,64.36877129522058,-2.1950954462363894,0.6,tracking:fallback-aruco
19.149763107299805,-22.142608195555823,-22.142608195555823,-21.950954462363896,64.36877129522058,-2.1950954462363894,0.6,tracking:fallback-aruco
19.213757038116455,-22.141190269510876,-22.141190269510876,-21.950954462363896,64.36877129522058,-2.1950954462363894,0.6,tracking:fallback-aruco
19.282913208007812,-22.142231027227865,-22.142231027227865,-21.950954462363896,64.36877129522058,-2.1950954462363894,0.6,tracking:fallback-aruco
19.34882426261902,-22.047897484539824,-22.047897484539824,-21.950954462363896,64.36877129522058,-2.1950954462363894,0.6,tracking:fallback-aruco
19.413126945495605,-22.12774549475268,-22.12774549475268,-21.950954462363896,64.36877129522058,-2.1950954462363894,0.6,tracking:fallback-aruco
19.481303215026855,-22.126761454077485,-22.126761454077485,-21.950954462363896,64.36877129522058,-2.1950954462363894,0.6,tracking:fallback-aruco
19.5504789352417,-22.12505143526728,-22.12505143526728,-21.950954462363896,64.36877129522058,-2.1950954462363894,0.6,tracking:fallback-aruco
19.61600422859192,-22.12586248896499,-22.12586248896499,-21.950954462363896,64.36877129522058,-2.1950954462363894,0.6,tracking:fallback-aruco
19.681135177612305,-22.138518896842193,-22.138518896842193,-21.950954462363896,64.36877129522058,-2.1950954462363894,0.6,tracking:fallback-aruco
19.750550031661987,-22.045402700277638,-22.045402700277638,-21.950954462363896,64.36877129522058,-2.1950954462363894,0.6,tracking:fallback-aruco
19.81375002861023,-22.13532856324106,-22.13532856324106,-21.950954462363896,64.36877129522058,-2.1950954462363894,0.6,tracking:fallback-aruco
19.88227105140686,-22.137832620636438,-22.137832620636438,-21.950954462363896,64.36877129522058,-2.1950954462363894,0.6,tracking:fallback-aruco
19.950990915298462,-22.237692251420583,-22.237692251420583,-21.950954462363896,64.36877129522058,-2.1950954462363894,0.6,tracking:fallback-aruco
20.01512098312378,-22.235144696831043,-22.235144696831043,-21.950954462363896,64.36877129522058,-2.1950954462363894,0.6,tracking:fallback-aruco
20.08080506324768,-22.23223849209817,-22.23223849209817,-21.950954462363896,64.36877129522058,-2.1950954462363894,0.6,tracking:fallback-aruco
20.150891065597534,-22.1269259334987,-22.1269259334987,-21.950954462363896,64.36877129522058,-2.1950954462363894,0.6,tracking:fallback-aruco
20.213820934295654,-22.129149241537178,-22.129149241537178,-21.950954462363896,64.36877129522058,-2.1950954462363894,0.6,tracking:fallback-aruco
20.279574155807495,-22.13345690086173,-22.13345690086173,-21.950954462363896,64.36877129522058,-2.1950954462363894,0.6,tracking:fallback-aruco
20.346027135849,-22.134157356327933,-22.134157356327933,-21.950954462363896,64.36877129522058,-2.1950954462363894,0.6,tracking:fallback-aruco
20.414542198181152,-22.12287350086224,-22.12287350086224,-21.950954462363896,64.36877129522058,-2.1950954462363894,0.6,tracking:fallback-aruco
20.481977939605713,-22.123786645235185,-22.123786645235185,-21.950954462363896,64.36877129522058,-2.1950954462363894,0.6,tracking:fallback-aruco
20.54970407485962,-22.20798721428153,-22.20798721428153,-21.950954462363896,64.36877129522058,-2.1950954462363894,0.6,tracking:fallback-aruco
20.61730408668518,-22.230567704808653,-22.230567704808653,-21.950954462363896,64.36877129522058,-2.1950954462363894,0.6,tracking:fallback-aruco
20.681047201156616,-22.133125106167213,-22.133125106167213,-21.950954462363896,64.36877129522058,-2.1950954462363894,0.6,tracking:fallback-aruco
20.749545097351074,-22.315305420841984,-22.315305420841984,-21.950954462363896,64.36877129522058,-2.1950954462363894,0.6,tracking:fallback-aruco
20.814861059188843,-22.141615647324357,-22.141615647324357,-21.950954462363896,64.36877129522058,-2.1950954462363894,0.6,tracking:fallback-aruco
20.884807109832764,-22.170848636634506,-22.170848636634506,-21.950954462363896,64.36877129522058,-2.1950954462363894,0.6,tracking:fallback-aruco
20.94710612297058,-22.12355291769381,-22.12355291769381,-21.950954462363896,64.36877129522058,-2.1950954462363894,0.6,tracking:fallback-aruco
21.016334056854248,-22.116952241698538,-22.116952241698538,-21.950954462363896,64.36877129522058,-2.1950954462363894,0.6,tracking:fallback-aruco
21.083372116088867,-22.12994377290551,-22.12994377290551,-21.950954462363896,64.36877129522058,-2.1950954462363894,0.6,tracking:fallback-aruco
21.147500038146973,-22.160996774511077,-22.160996774511077,-21.950954462363896,64.36877129522058,-2.1950954462363894,0.6,tracking:fallback-aruco
21.21428418159485,-22.13010199036433,-22.13010199036433,-21.950954462363896,64.36877129522058,-2.1950954462363894,0.6,tracking:fallback-aruco
21.28407907485962,-22.14131504700283,-22.14131504700283,-21.950954462363896,64.36877129522058,-2.1950954462363894,0.6,tracking:fallback-aruco
21.3463351726532,-22.105421667101023,-22.105421667101023,-21.950954462363896,64.36877129522058,-2.1950954462363894,0.6,tracking:fallback-aruco
21.416239261627197,-22.230459943914425,-22.230459943914425,-21.950954462363896,64.36877129522058,-2.1950954462363894,0.6,tracking:fallback-aruco
21.484106063842773,-22.187157079312247,-22.187157079312247,-21.950954462363896,64.36877129522058,-2.1950954462363894,0.6,tracking:fallback-aruco
21.54985809326172,-23.24267179393956,-23.24267179393956,-21.950954462363896,64.36877129522058,-2.1950954462363894,0.6,tracking:fallback-aruco
21.617149114608765,-24.09196188175191,-24.09196188175191,-21.950954462363896,64.36877129522058,-2.1950954462363894,0.6,tracking:fallback-aruco
21.683579921722412,-25.02503007964595,-25.02503007964595,-21.950954462363896,64.36877129522058,-2.1950954462363894,0.6,tracking:fallback-aruco
21.746567964553833,-26.23995814109722,-26.23995814109722,-22.165172274696904,64.36877129522058,-2.2165172274696903,0.6,tracking:fallback-aruco
21.814542055130005,-26.964878333617662,-26.964878333617662,-22.165172274696904,64.36877129522058,-2.2165172274696903,0.6,tracking:fallback-aruco
21.879920959472656,-27.98471124979981,-27.98471124979981,-22.165172274696904,64.36877129522058,-2.2165172274696903,0.6,tracking:fallback-aruco
21.944817066192627,-29.298582791112196,-29.298582791112196,-22.459938116750195,64.36877129522058,-2.2459938116750195,0.6,tracking:fallback-aruco
22.01599907875061,-30.79319064526573,-30.79319064526573,-22.459938116750195,64.36877129522058,-2.2459938116750195,0.6,tracking:fallback-aruco
22.082305192947388,-31.538362274866927,-31.538362274866927,-22.859104628001575,64.36877129522058,-2.2859104628001576,0.6,tracking:fallback-aruco
22.14788508415222,-31.99513171506418,-31.99513171506418,-23.11298253178097,64.36877129522058,-2.311298253178097,0.6,tracking:fallback-aruco
22.214044094085693,-33.07575154879407,-33.07575154879407,-23.413163793875107,64.36877129522058,-2.3413163793875107,0.6,tracking:fallback-aruco
22.284274101257324,-33.806585433148896,-33.806585433148896,-23.762735793999788,64.36877129522058,-2.376273579399979,0.6,tracking:fallback-aruco
22.35356307029724,-35.13360893167653,-35.13360893167653,-24.135747173796993,64.36877129522058,-2.4135747173796993,0.6,tracking:fallback-aruco
22.412546157836914,-35.502031076098426,-35.502031076098426,-24.52123714684953,64.36877129522058,-2.452123714684953,0.6,tracking:fallback-aruco
22.480407238006592,-36.38206182754935,-36.38206182754935,-24.93810665458468,64.36877129522058,-2.4938106654584677,0.6,tracking:fallback-aruco
22.54983615875244,-38.075446486815075,-38.075446486815075,-25.37445778441888,64.36877129522058,-2.537445778441888,0.6,tracking:fallback-aruco
22.62051010131836,-38.64432108930162,-38.64432108930162,-25.84648271704616,64.36877129522058,-2.584648271704616,0.6,tracking:fallback-aruco
22.68874192237854,-39.39440546040283,-39.39440546040283,-26.322065699305522,64.36877129522058,-2.632206569930552,0.6,tracking:fallback-aruco
22.748584985733032,-39.9899707204233,-39.9899707204233,-26.817513231706418,64.36877129522058,-2.6817513231706416,0.6,tracking:fallback-aruco
22.813252925872803,-41.00854161040972,-41.00854161040972,-27.357520346230242,64.36877129522058,-2.735752034623024,0.6,tracking:fallback-aruco
22.881152153015137,-41.72142643859867,-41.72142643859867,-27.904235696344415,64.36877129522058,-2.7904235696344415,0.6,tracking:fallback-aruco
22.949177265167236,-42.91079545946064,-42.91079545946064,-28.462815021852926,64.36877129522058,-2.8462815021852927,0.6,tracking:fallback-aruco
23.02101421356201,-43.67691131000702,-43.67691131000702,-29.028536077788623,64.36877129522058,-2.9028536077788623,0.6,tracking:fallback-aruco
23.08228611946106,-44.05854072694342,-44.05854072694342,-29.613513690936422,64.36877129522058,-2.9613513690936424,0.6,tracking:fallback-aruco
23.149652004241943,-45.89054504081995,-45.89054504081995,-30.207382156052592,64.36877129522058,-3.020738215605259,0.6,tracking:fallback-aruco
23.22050905227661,-47.67104668982354,-47.67104668982354,-30.827109115656903,64.36877129522058,-3.08271091156569,0.6,tracking:fallback-aruco
23.280752897262573,-48.13090726373612,-48.13090726373612,-31.457467039066692,64.36877129522058,-3.1457467039066693,0.6,tracking:fallback-aruco
23.34607696533203,-48.404538097743426,-48.404538097743426,-32.08513965291287,64.36877129522058,-3.2085139652912873,0.6,tracking:fallback-aruco
23.418041944503784,-48.160377208155175,-48.160377208155175,-32.75383669444018,64.36877129522058,-3.275383669444018,0.6,tracking:fallback-aruco
23.482203006744385,-48.895437230546904,-48.895437230546904,-33.45996712215195,64.36877129522058,-3.3459967122151952,0.6,tracking:fallback-aruco
23.547143936157227,-49.64119114602565,-49.64119114602565,-34.15900295911396,64.36877129522058,-3.4159002959113964,0.6,tracking:fallback-aruco
23.61794900894165,-50.08327785855059,-50.08327785855059,-34.84477262937453,64.36877129522058,-3.484477262937453,0.6,tracking:fallback-aruco
23.682507038116455,-51.295348760288846,-51.295348760288846,-35.50308516574765,64.36877129522058,-3.550308516574765,0.6,tracking:fallback-aruco
23.749113082885742,-51.29595143673208,-51.29595143673208,-36.16284539384032,64.36877129522058,-3.616284539384032,0.6,tracking:fallback-aruco
23.811293125152588,-51.60552784199213,-51.60552784199213,-36.82153216463497,64.36877129522058,-3.6821532164634965,0.6,tracking:fallback-aruco
23.879639148712158,-51.89140195060252,-51.89140195060252,-37.46924233276823,64.36877129522058,-3.746924233276823,0.6,tracking:fallback-aruco
23.945935010910034,-52.4598096216523,-52.4598096216523,-38.13147689887204,64.36877129522058,-3.8131476898872037,0.6,tracking:fallback-aruco
24.018689155578613,-52.835392725392566,-52.835392725392566,-38.77030217803816,64.36877129522058,-3.877030217803816,0.6,tracking:fallback-aruco
24.082194089889526,-53.009094715925556,-53.009094715925556,-39.39558889895552,64.36877129522058,-3.9395588898955523,0.6,tracking:fallback-aruco
24.151889085769653,-53.38318423629025,-53.38318423629025,-40.00654113108021,64.36877129522058,-4.0006541131080215,0.6,tracking:fallback-aruco
24.218916177749634,-53.755556086070975,-53.755556086070975,-40.61268134585989,64.36877129522058,-4.061268134585989,0.6,tracking:fallback-aruco
24.2814040184021,-53.95733151269075,-53.95733151269075,-41.20621615213374,64.36877129522058,-4.120621615213374,0.6,tracking:fallback-aruco
24.34806513786316,-53.958012275865535,-53.958012275865535,-41.7813612507725,64.36877129522058,-4.17813612507725,0.6,tracking:fallback-aruco
24.426254987716675,-53.93202392402689,-53.93202392402689,-42.34472886331481,64.36877129522058,-4.234472886331481,0.6,tracking:fallback-aruco
24.479987144470215,-53.937825755900505,-53.937825755900505,-42.89630773955918,64.36877129522058,-4.289630773955918,0.6,tracking:fallback-aruco
24.54742193222046,-53.937163097441584,-53.937163097441584,-43.430186049827206,64.36877129522058,-4.343018604982721,0.6,tracking:fallback-aruco
24.631051063537598,-53.646406995903604,-53.646406995903604,-43.93958907113476,64.36877129522058,-4.393958907113476,0.6,tracking:fallback-aruco
24.683418035507202,-53.61695210807373,-53.61695210807373,-44.42447973277882,64.36877129522058,-4.442447973277882,0.6,tracking:fallback-aruco
24.74715805053711,-53.73044352167485,-53.73044352167485,-44.886566860601555,64.36877129522058,-4.488656686060155,0.6,tracking:fallback-aruco
24.813817262649536,-53.73354384006716,-53.73354384006716,-45.32605727231723,64.36877129522058,-4.532605727231723,0.6,tracking:fallback-aruco
24.880308151245117,-53.539681387205206,-53.539681387205206,-45.734107325228464,64.36877129522058,-4.573410732522847,0.6,tracking:fallback-aruco
24.94735813140869,-53.5440537696585,-53.5440537696585,-46.12053986457883,64.36877129522058,-4.612053986457883,0.6,tracking:fallback-aruco
25.01639986038208,-53.530506400844715,-53.530506400844715,-46.49096373796226,64.36877129522058,-4.649096373796226,0.6,tracking:fallback-aruco
25.08261203765869,-53.51629917013046,-53.51629917013046,-46.842622533122935,64.36877129522058,-4.684262253312293,0.6,tracking:fallback-aruco
25.14826011657715,-53.69661749800894,-53.69661749800894,-47.17053130261844,64.36877129522058,-4.717053130261844,0.6,tracking:fallback-aruco
25.217231035232544,-53.89419804056028,-53.89419804056028,-47.48305791216201,64.36877129522058,-4.748305791216201,0.6,tracking:fallback-aruco
25.283241987228394,-54.09776722439578,-54.09776722439578,-47.78082638464757,64.36877129522058,-4.778082638464757,0.6,tracking:fallback-aruco
25.345829010009766,-54.10313053333557,-54.10313053333557,-48.064330435184274,64.36877129522058,-4.806433043518427,0.6,tracking:fallback-aruco
25.416171073913574,-53.757653373323606,-53.757653373323606,-48.33977062458946,64.36877129522058,-4.833977062458946,0.6,tracking:fallback-aruco
25.48113203048706,-54.476048752769934,-54.476048752769934,-48.609817406834715,64.36877129522058,-4.860981740683472,0.6,tracking:fallback-aruco
25.546524047851562,-54.85591814499257,-54.85591814499257,-48.87563572853985,64.36877129522058,-4.887563572853985,0.6,tracking:fallback-aruco
25.615668058395386,-54.86487762407306,-54.86487762407306,-49.131191814747226,64.36877129522058,-4.913119181474722,0.6,tracking:fallback-aruco
25.6808819770813,-54.86115411180474,-54.86115411180474,-49.36588517148508,64.36877129522058,-4.936588517148508,0.6,tracking:fallback-aruco
25.749518156051636,-54.86336801516336,-54.86336801516336,-49.61411768259502,64.36877129522058,-4.961411768259502,0.6,tracking:fallback-aruco
25.815169095993042,-54.86360064575406,-54.86360064575406,-49.864124364300224,64.36877129522058,-4.986412436430022,0.6,tracking:fallback-aruco
25.880378007888794,-54.96465781420646,-54.96465781420646,-50.1038673157526,64.36877129522058,-5.01038673157526,0.6,tracking:fallback-aruco
25.947526931762695,-55.067362802707095,-55.067362802707095,-50.33362963580802,64.36877129522058,-5.033362963580802,0.6,tracking:fallback-aruco
26.015769958496094,-54.642015067134956,-54.642015067134956,-50.553934768495836,64.36877129522058,-5.055393476849583,0.6,tracking:fallback-aruco
26.07218909263611,-54.85256171952792,-54.85256171952792,-50.764217992660235,64.36877129522058,-5.076421799266024,0.6,tracking:fallback-aruco
26.145454168319702,-54.64734003218141,-54.64734003218141,-50.96705434365211,64.36877129522058,-5.0967054343652105,0.6,tracking:fallback-aruco
26.213011026382446,-54.85092050003938,-54.85092050003938,-50.96705434365211,64.36877129522058,-5.0967054343652105,0.6,tracking:fallback-aruco
26.280771255493164,-54.85505591784904,-54.85505591784904,-51.33634160533788,64.36877129522058,-5.133634160533788,0.6,tracking:fallback-aruco
26.35764789581299,-54.83301079018934,-54.83301079018934,-51.33634160533788,64.36877129522058,-5.133634160533788,0.6,tracking:fallback-aruco
26.41363000869751,-54.849462112544145,-54.849462112544145,-51.6640319981287,64.36877129522058,-5.16640319981287,0.6,tracking:fallback-aruco
26.48501706123352,-54.84895203262508,-54.84895203262508,-51.6640319981287,64.36877129522058,-5.16640319981287,0.6,tracking:fallback-aruco
26.546052932739258,-54.84607509651252,-54.84607509651252,-51.96620291319804,64.36877129522058,-5.196620291319804,0.6,tracking:fallback-aruco
26.614883184432983,-54.94535792163311,-54.94535792163311,-51.96620291319804,64.36877129522058,-5.196620291319804,0.6,tracking:fallback-aruco
26.682126998901367,-54.73220311326276,-54.73220311326276,-52.23939903181362,64.36877129522058,-5.223939903181362,0.6,tracking:fallback-aruco
26.74710726737976,-54.73144903852352,-54.73144903852352,-52.23939903181362,64.36877129522058,-5.223939903181362,0.6,tracking:fallback-aruco
26.818790912628174,-54.73279418312416,-54.73279418312416,-52.48684307029492,64.36877129522058,-5.2486843070294915,0.6,tracking:fallback-aruco
26.881463050842285,-54.940903388910606,-54.940903388910606,-52.48684307029492,64.36877129522058,-5.2486843070294915,0.6,tracking:fallback-aruco
26.94888925552368,-54.94395369812717,-54.94395369812717,-52.71035434418395,64.36877129522058,-5.271035434418395,0.6,tracking:fallback-aruco
27.023052215576172,-54.512412130149144,-54.512412130149144,-52.71035434418395,64.36877129522058,-5.271035434418395,0.6,tracking:fallback-aruco
27.07441520690918,-55.174724795574335,-55.174724795574335,-52.71035434418395,64.36877129522058,-5.271035434418395,0.6,tracking:fallback-aruco
27.14255690574646,-55.1049219204566,-55.1049219204566,-53.00375207867879,64.36877129522058,-5.300375207867878,0.6,tracking:fallback-aruco
27.210318088531494,-54.74771984046963,-54.74771984046963,-53.00375207867879,64.36877129522058,-5.300375207867878,0.6,tracking:fallback-aruco
27.277752161026,-54.882672085740545,-54.882672085740545,-53.00375207867879,64.36877129522058,-5.300375207867878,0.6,tracking:fallback-aruco
27.344743013381958,-55.07426009528549,-55.07426009528549,-53.26475398516315,64.36877129522058,-5.326475398516315,0.6,tracking:fallback-aruco
27.411720991134644,-55.05987042787245,-55.05987042787245,-53.26475398516315,64.36877129522058,-5.326475398516315,0.6,tracking:fallback-aruco
27.479788064956665,-54.7596767365609,-54.7596767365609,-53.26475398516315,64.36877129522058,-5.326475398516315,0.6,tracking:fallback-aruco
27.546049118041992,-55.02032323444337,-55.02032323444337,-53.494568990673656,64.36877129522058,-5.349456899067365,0.6,tracking:fallback-aruco
27.612406015396118,-54.9640453337411,-54.9640453337411,-53.494568990673656,64.36877129522058,-5.349456899067365,0.6,tracking:fallback-aruco
27.679171085357666,-54.9516671610327,-54.9516671610327,-53.494568990673656,64.36877129522058,-5.349456899067365,0.6,tracking:fallback-aruco
27.74809503555298,-54.93449250619324,-54.93449250619324,-53.69826497307349,64.36877129522058,-5.369826497307349,0.6,tracking:fallback-aruco
27.81407403945923,-55.00829473894608,-55.00829473894608,-53.69826497307349,64.36877129522058,-5.369826497307349,0.6,tracking:fallback-aruco
27.880468130111694,-54.939663734828784,-54.939663734828784,-53.69826497307349,64.36877129522058,-5.369826497307349,0.6,tracking:fallback-aruco
27.94389796257019,-54.99686068556402,-54.99686068556402,-53.69826497307349,64.36877129522058,-5.369826497307349,0.6,tracking:fallback-aruco
28.012701988220215,-54.73489848480459,-54.73489848480459,-53.9271731046901,64.36877129522058,-5.39271731046901,0.6,tracking:fallback-aruco
28.08144998550415,-54.76824218346446,-54.76824218346446,-53.9271731046901,64.36877129522058,-5.39271731046901,0.6,tracking:fallback-aruco
28.146172046661377,-54.963445657745396,-54.963445657745396,-53.9271731046901,64.36877129522058,-5.39271731046901,0.6,tracking:fallback-aruco
28.210498094558716,-54.87787576940256,-54.87787576940256,-53.9271731046901,64.36877129522058,-5.39271731046901,0.6,tracking:fallback-aruco
28.280668020248413,-54.88172946943265,-54.88172946943265,-53.9271731046901,64.36877129522058,-5.39271731046901,0.6,tracking:fallback-aruco
28.34648108482361,-54.96432845479245,-54.96432845479245,-54.14066759569515,64.36877129522058,-5.414066759569515,0.6,tracking:fallback-aruco
28.41252899169922,-54.96761782177406,-54.96761782177406,-54.14066759569515,64.36877129522058,-5.414066759569515,0.6,tracking:fallback-aruco
28.481569051742554,-54.999519337374636,-54.999519337374636,-54.14066759569515,64.36877129522058,-5.414066759569515,0.6,tracking:fallback-aruco
28.54825711250305,-54.79534028548312,-54.79534028548312,-54.14066759569515,64.36877129522058,-5.414066759569515,0.6,tracking:fallback-aruco
28.61344003677368,-54.76500595420822,-54.76500595420822,-54.14066759569515,64.36877129522058,-5.414066759569515,0.6,tracking:fallback-aruco
28.678498029708862,-54.95683794719192,-54.95683794719192,-54.14066759569515,64.36877129522058,-5.414066759569515,0.6,tracking:fallback-aruco
28.74820113182068,-54.69334821214422,-54.69334821214422,-54.34437646003772,64.36877129522058,-5.434437646003772,0.6,tracking:fallback-aruco
28.815120935440063,-54.89351466321123,-54.89351466321123,-54.34437646003772,64.36877129522058,-5.434437646003772,0.6,tracking:fallback-aruco
28.879942893981934,-55.056885563723036,-55.056885563723036,-54.34437646003772,64.36877129522058,-5.434437646003772,0.6,tracking:fallback-aruco
28.947679042816162,-54.91761220449227,-54.91761220449227,-54.34437646003772,64.36877129522058,-5.434437646003772,0.6,tracking:fallback-aruco
29.01539421081543,-55.16230148023618,-55.16230148023618,-54.34437646003772,64.36877129522058,-5.434437646003772,0.6,tracking:fallback-aruco
29.081184148788452,-54.61563901905313,-54.61563901905313,-54.34437646003772,64.36877129522058,-5.434437646003772,0.6,tracking:fallback-aruco
29.144782066345215,-54.91175944648091,-54.91175944648091,-54.34437646003772,64.36877129522058,-5.434437646003772,0.6,tracking:fallback-aruco
29.213490962982178,-55.02469014748415,-55.02469014748415,-54.34437646003772,64.36877129522058,-5.434437646003772,0.6,tracking:fallback-aruco
29.281870126724243,-54.9106318639541,-54.9106318639541,-54.34437646003772,64.36877129522058,-5.434437646003772,0.6,tracking:fallback-aruco
29.346713066101074,-54.91158298491068,-54.91158298491068,-54.34437646003772,64.36877129522058,-5.434437646003772,0.6,tracking:fallback-aruco
29.412203073501587,-54.97095127728233,-54.97095127728233,-54.55910230320255,64.36877129522058,-5.455910230320255,0.6,tracking:fallback-aruco
29.481134176254272,-54.74445171670693,-54.74445171670693,-54.55910230320255,64.36877129522058,-5.455910230320255,0.6,tracking:fallback-aruco
29.54829716682434,-54.97677783577151,-54.97677783577151,-54.55910230320255,64.36877129522058,-5.455910230320255,0.6,tracking:fallback-aruco
29.61339020729065,-54.746528407157726,-54.746528407157726,-54.55910230320255,64.36877129522058,-5.455910230320255,0.6,tracking:fallback-aruco
29.71272611618042,-54.72980505057023,-54.72980505057023,-54.55910230320255,64.36877129522058,-5.455910230320255,0.6,tracking:fallback-aruco
29.784292936325073,-54.84600964692737,-54.84600964692737,-54.55910230320255,64.36877129522058,-5.455910230320255,0.6,tracking:fallback-aruco
29.844943046569824,-54.71220991450231,-54.71220991450231,-54.55910230320255,64.36877129522058,-5.455910230320255,0.6,tracking:fallback-aruco
29.91486120223999,-54.981774365725904,-54.981774365725904,-54.55910230320255,64.36877129522058,-5.455910230320255,0.6,tracking:fallback-aruco
29.981123208999634,-54.677732661777725,-54.677732661777725,-54.55910230320255,64.36877129522058,-5.455910230320255,0.6,tracking:fallback-aruco
30.044897079467773,-54.65845633083556,-54.65845633083556,-54.55910230320255,64.36877129522058,-5.455910230320255,0.6,tracking:fallback-aruco
30.112946033477783,-54.920929838961314,-54.920929838961314,-54.55910230320255,64.36877129522058,-5.455910230320255,0.6,tracking:fallback-aruco
30.182104110717773,-54.57325020519924,-54.57325020519924,-54.55910230320255,64.36877129522058,-5.455910230320255,0.6,tracking:fallback-aruco
30.245736122131348,-54.85641755378362,-54.85641755378362,-54.55910230320255,64.36877129522058,-5.455910230320255,0.6,tracking:fallback-aruco
30.31270408630371,-54.857710183090376,-54.857710183090376,-54.55910230320255,64.36877129522058,-5.455910230320255,0.6,tracking:fallback-aruco
30.380596160888672,-54.701612433153365,-54.701612433153365,-54.55910230320255,64.36877129522058,-5.455910230320255,0.6,tracking:fallback-aruco
30.448880910873413,-54.86921792754059,-54.86921792754059,-54.55910230320255,64.36877129522058,-5.455910230320255,0.6,tracking:fallback-aruco
30.51352620124817,-54.89977932676394,-54.89977932676394,-54.55910230320255,64.36877129522058,-5.455910230320255,0.6,tracking:fallback-aruco
30.580799102783203,-54.87995237091406,-54.87995237091406,-54.55910230320255,64.36877129522058,-5.455910230320255,0.6,tracking:fallback-aruco
30.646939039230347,-55.079405620497674,-55.079405620497674,-54.55910230320255,64.36877129522058,-5.455910230320255,0.6,tracking:fallback-aruco
30.714916229248047,-54.90542719911744,-54.90542719911744,-54.55910230320255,64.36877129522058,-5.455910230320255,0.6,tracking:fallback-aruco
30.781979084014893,-54.88824099990645,-54.88824099990645,-54.55910230320255,64.36877129522058,-5.455910230320255,0.6,tracking:fallback-aruco
30.848217964172363,-54.53714120463152,-54.53714120463152,-54.55910230320255,64.36877129522058,-5.455910230320255,0.6,tracking:fallback-aruco
30.915529012680054,-54.54718360850649,-54.54718360850649,-54.55910230320255,64.36877129522058,-5.455910230320255,0.6,tracking:fallback-aruco
30.98094916343689,-54.83476583504336,-54.83476583504336,-54.55910230320255,64.36877129522058,-5.455910230320255,0.6,tracking:fallback-aruco
31.050016164779663,-54.976349006364615,-54.976349006364615,-54.55910230320255,64.36877129522058,-5.455910230320255,0.6,tracking:fallback-aruco
31.11346697807312,-54.84582610352553,-54.84582610352553,-54.55910230320255,64.36877129522058,-5.455910230320255,0.6,tracking:fallback-aruco
31.18221116065979,-54.65882488957696,-54.65882488957696,-54.55910230320255,64.36877129522058,-5.455910230320255,0.6,tracking:fallback-aruco
31.248565196990967,-54.62394080470322,-54.62394080470322,-54.55910230320255,64.36877129522058,-5.455910230320255,0.6,tracking:fallback-aruco
31.31386709213257,-54.84254858057742,-54.84254858057742,-54.55910230320255,64.36877129522058,-5.455910230320255,0.6,tracking:fallback-aruco
31.382912158966064,-54.92623716503796,-54.92623716503796,-54.55910230320255,64.36877129522058,-5.455910230320255,0.6,tracking:fallback-aruco
31.447904109954834,-54.62550717935418,-54.62550717935418,-54.55910230320255,64.36877129522058,-5.455910230320255,0.6,tracking:fallback-aruco
31.513674020767212,-54.59207464890811,-54.59207464890811,-54.55910230320255,64.36877129522058,-5.455910230320255,0.6,tracking:fallback-aruco
31.584203004837036,-54.65345314592102,-54.65345314592102,-54.55910230320255,64.36877129522058,-5.455910230320255,0.6,tracking:fallback-aruco
31.64819097518921,-54.64502519977868,-54.64502519977868,-54.55910230320255,64.36877129522058,-5.455910230320255,0.6,tracking:fallback-aruco
31.711802005767822,-54.86740597000382,-54.86740597000382,-54.55910230320255,64.36877129522058,-5.455910230320255,0.6,tracking:fallback-aruco
31.782290935516357,-54.96865423145894,-54.96865423145894,-54.55910230320255,64.36877129522058,-5.455910230320255,0.6,tracking:fallback-aruco
31.846537113189697,-54.635204526853926,-54.635204526853926,-54.55910230320255,64.36877129522058,-5.455910230320255,0.6,tracking:fallback-aruco
31.912801027297974,-54.59623085748423,-54.59623085748423,-54.55910230320255,64.36877129522058,-5.455910230320255,0.6,tracking:fallback-aruco
31.98210906982422,-54.63581194001043,-54.63581194001043,-54.55910230320255,64.36877129522058,-5.455910230320255,0.6,tracking:fallback-aruco
32.0545539855957,-54.62168479994575,-54.62168479994575,-54.55910230320255,64.36877129522058,-5.455910230320255,0.6,tracking:fallback-aruco
32.120646953582764,-54.63841027913732,-54.63841027913732,-54.55910230320255,64.36877129522058,-5.455910230320255,0.6,tracking:fallback-aruco
32.183804988861084,-54.81693722576624,-54.81693722576624,-54.55910230320255,64.36877129522058,-5.455910230320255,0.6,tracking:fallback-aruco
32.24808406829834,-54.82361521767735,-54.82361521767735,-54.55910230320255,64.36877129522058,-5.455910230320255,0.6,tracking:fallback-aruco
32.31363105773926,-54.69662061593902,-54.69662061593902,-54.55910230320255,64.36877129522058,-5.455910230320255,0.6,tracking:fallback-aruco
32.382447957992554,-54.827828179017246,-54.827828179017246,-54.55910230320255,64.36877129522058,-5.455910230320255,0.6,tracking:fallback-aruco
32.4471480846405,-54.84502221188182,-54.84502221188182,-54.55910230320255,64.36877129522058,-5.455910230320255,0.6,tracking:fallback-aruco
32.51394510269165,-54.94861594780192,-54.94861594780192,-54.55910230320255,64.36877129522058,-5.455910230320255,0.6,tracking:fallback-aruco
32.58495211601257,-54.95604040612591,-54.95604040612591,-54.55910230320255,64.36877129522058,-5.455910230320255,0.6,tracking:fallback-aruco
32.651737213134766,-54.75677928782347,-54.75677928782347,-54.55910230320255,64.36877129522058,-5.455910230320255,0.6,tracking:fallback-aruco
32.71377515792847,-54.51912709789934,-54.51912709789934,-54.55910230320255,64.36877129522058,-5.455910230320255,0.6,tracking:fallback-aruco
32.78045392036438,-54.637761048739,-54.637761048739,-54.55910230320255,64.36877129522058,-5.455910230320255,0.6,tracking:fallback-aruco
32.84928798675537,-55.045274425433696,-55.045274425433696,-54.55910230320255,64.36877129522058,-5.455910230320255,0.6,tracking:fallback-aruco
32.914735078811646,-55.048257102570446,-55.048257102570446,-54.55910230320255,64.36877129522058,-5.455910230320255,0.6,tracking:fallback-aruco
32.98308205604553,-54.85056835281492,-54.85056835281492,-54.76006167641777,64.36877129522058,-5.476006167641777,0.6,tracking:fallback-aruco
33.04679608345032,-55.04907328642663,-55.04907328642663,-54.76006167641777,64.36877129522058,-5.476006167641777,0.6,tracking:fallback-aruco
33.11620116233826,-54.84567030505653,-54.84567030505653,-54.76006167641777,64.36877129522058,-5.476006167641777,0.6,tracking:fallback-aruco
33.18128204345703,-54.84918252899018,-54.84918252899018,-54.76006167641777,64.36877129522058,-5.476006167641777,0.6,tracking:fallback-aruco
33.24965715408325,-54.833365071639406,-54.833365071639406,-54.76006167641777,64.36877129522058,-5.476006167641777,0.6,tracking:fallback-aruco
33.31503701210022,-54.83869636719516,-54.83869636719516,-54.76006167641777,64.36877129522058,-5.476006167641777,0.6,tracking:fallback-aruco
33.384499073028564,-55.041854736468444,-55.041854736468444,-54.76006167641777,64.36877129522058,-5.476006167641777,0.6,tracking:fallback-aruco
33.45167589187622,-54.52076551704823,-54.52076551704823,-54.76006167641777,64.36877129522058,-5.476006167641777,0.6,tracking:fallback-aruco
33.515228033065796,-54.5223940149739,-54.5223940149739,-54.76006167641777,64.36877129522058,-5.476006167641777,0.6,tracking:fallback-aruco
33.58115005493164,-54.732279654683666,-54.732279654683666,-54.76006167641777,64.36877129522058,-5.476006167641777,0.6,tracking:fallback-aruco
33.6504762172699,-54.64017014712751,-54.64017014712751,-54.76006167641777,64.36877129522058,-5.476006167641777,0.6,tracking:fallback-aruco
33.71415400505066,-54.527992419505146,-54.527992419505146,-54.76006167641777,64.36877129522058,-5.476006167641777,0.6,tracking:fallback-aruco
33.784077167510986,-54.807615639741805,-54.807615639741805,-54.76006167641777,64.36877129522058,-5.476006167641777,0.6,tracking:fallback-aruco
33.8481810092926,-54.82228844076095,-54.82228844076095,-54.76006167641777,64.36877129522058,-5.476006167641777,0.6,tracking:fallback-aruco
33.91309905052185,-54.924109615593316,-54.924109615593316,-54.76006167641777,64.36877129522058,-5.476006167641777,0.6,tracking:fallback-aruco
33.98019099235535,-54.854545126521444,-54.854545126521444,-54.76006167641777,64.36877129522058,-5.476006167641777,0.6,tracking:fallback-aruco
34.04662895202637,-54.85818184694859,-54.85818184694859,-54.76006167641777,64.36877129522058,-5.476006167641777,0.6,tracking:fallback-aruco
34.11462211608887,-54.870696234474785,-54.870696234474785,-54.76006167641777,64.36877129522058,-5.476006167641777,0.6,tracking:fallback-aruco
34.181689977645874,-54.87154850189883,-54.87154850189883,-54.76006167641777,64.36877129522058,-5.476006167641777,0.6,tracking:fallback-aruco
34.25094819068909,-54.86549014682106,-54.86549014682106,-54.76006167641777,64.36877129522058,-5.476006167641777,0.6,tracking:fallback-aruco
34.316596031188965,-54.84641941824311,-54.84641941824311,-54.76006167641777,64.36877129522058,-5.476006167641777,0.6,tracking:fallback-aruco
34.38258099555969,-54.85270471264331,-54.85270471264331,-54.76006167641777,64.36877129522058,-5.476006167641777,0.6,tracking:fallback-aruco
34.445470094680786,-54.64554118201664,-54.64554118201664,-54.76006167641777,64.36877129522058,-5.476006167641777,0.6,tracking:fallback-aruco
34.51312327384949,-54.86035022016102,-54.86035022016102,-54.76006167641777,64.36877129522058,-5.476006167641777,0.6,tracking:fallback-aruco
34.580907106399536,-54.64186480857116,-54.64186480857116,-54.76006167641777,64.36877129522058,-5.476006167641777,0.6,tracking:fallback-aruco
34.64893698692322,-54.63422217605473,-54.63422217605473,-54.76006167641777,64.36877129522058,-5.476006167641777,0.6,tracking:fallback-aruco
34.71440505981445,-54.85432743550996,-54.85432743550996,-54.76006167641777,64.36877129522058,-5.476006167641777,0.6,tracking:fallback-aruco
34.78118896484375,-54.94877315823496,-54.94877315823496,-54.76006167641777,64.36877129522058,-5.476006167641777,0.6,tracking:fallback-aruco
34.85076093673706,-54.959592223737445,-54.959592223737445,-54.76006167641777,64.36877129522058,-5.476006167641777,0.6,tracking:fallback-aruco
34.91297793388367,-54.957633139879604,-54.957633139879604,-54.76006167641777,64.36877129522058,-5.476006167641777,0.6,tracking:fallback-aruco
34.982988119125366,-54.94168375020038,-54.94168375020038,-54.76006167641777,64.36877129522058,-5.476006167641777,0.6,tracking:fallback-aruco
35.04599094390869,-54.73245187288069,-54.73245187288069,-54.76006167641777,64.36877129522058,-5.476006167641777,0.6,tracking:fallback-aruco
35.11421298980713,-54.62830964332246,-54.62830964332246,-54.76006167641777,64.36877129522058,-5.476006167641777,0.6,tracking:fallback-aruco
35.18046307563782,-54.62945359295443,-54.62945359295443,-54.76006167641777,64.36877129522058,-5.476006167641777,0.6,tracking:fallback-aruco
35.249603271484375,-54.84509264132671,-54.84509264132671,-54.76006167641777,64.36877129522058,-5.476006167641777,0.6,tracking:fallback-aruco
35.31478309631348,-54.85557738030466,-54.85557738030466,-54.76006167641777,64.36877129522058,-5.476006167641777,0.6,tracking:fallback-aruco
35.38334012031555,-54.96264395567286,-54.96264395567286,-54.76006167641777,64.36877129522058,-5.476006167641777,0.6,tracking:fallback-aruco
35.44986820220947,-54.86190464780838,-54.86190464780838,-54.76006167641777,64.36877129522058,-5.476006167641777,0.6,tracking:fallback-aruco
35.51621198654175,-54.96404960189765,-54.96404960189765,-54.76006167641777,64.36877129522058,-5.476006167641777,0.6,tracking:fallback-aruco
35.57960104942322,-54.86751694973517,-54.86751694973517,-54.76006167641777,64.36877129522058,-5.476006167641777,0.6,tracking:fallback-aruco
35.646350145339966,-54.962979717321694,-54.962979717321694,-54.76006167641777,64.36877129522058,-5.476006167641777,0.6,tracking:fallback-aruco
35.712459087371826,-54.96316467077232,-54.96316467077232,-54.76006167641777,64.36877129522058,-5.476006167641777,0.6,tracking:fallback-aruco
35.781455993652344,-54.95429188465802,-54.95429188465802,-54.76006167641777,64.36877129522058,-5.476006167641777,0.6,tracking:fallback-aruco
35.846166133880615,-54.95238259595996,-54.95238259595996,-54.76006167641777,64.36877129522058,-5.476006167641777,0.6,tracking:fallback-aruco
35.91827321052551,-54.95826767248716,-54.95826767248716,-54.76006167641777,64.36877129522058,-5.476006167641777,0.6,tracking:fallback-aruco
35.98476195335388,-54.95207457732872,-54.95207457732872,-54.76006167641777,64.36877129522058,-5.476006167641777,0.6,tracking:fallback-aruco
36.04799485206604,-54.951908119223155,-54.951908119223155,-54.76006167641777,64.36877129522058,-5.476006167641777,0.6,tracking:fallback-aruco
36.117377042770386,-54.9551085252785,-54.9551085252785,-54.76006167641777,64.36877129522058,-5.476006167641777,0.6,tracking:fallback-aruco
36.18521308898926,-54.955852607237574,-54.955852607237574,-54.76006167641777,64.36877129522058,-5.476006167641777,0.6,tracking:fallback-aruco
36.255919218063354,-54.959492633417874,-54.959492633417874,-54.76006167641777,64.36877129522058,-5.476006167641777,0.6,tracking:fallback-aruco
36.319021224975586,-54.957717080291815,-54.957717080291815,-54.76006167641777,64.36877129522058,-5.476006167641777,0.6,tracking:fallback-aruco
36.38586616516113,-54.8710142340896,-54.8710142340896,-54.76006167641777,64.36877129522058,-5.476006167641777,0.6,tracking:fallback-aruco
36.44938087463379,-54.96705722954868,-54.96705722954868,-54.76006167641777,64.36877129522058,-5.476006167641777,0.6,tracking:fallback-aruco
36.515037059783936,-54.97153310305395,-54.97153310305395,-54.76006167641777,64.36877129522058,-5.476006167641777,0.6,tracking:fallback-aruco
36.57848000526428,-54.978008607904314,-54.978008607904314,-54.76006167641777,64.36877129522058,-5.476006167641777,0.6,tracking:fallback-aruco
36.65157723426819,-54.97176216078896,-54.97176216078896,-54.76006167641777,64.36877129522058,-5.476006167641777,0.6,tracking:fallback-aruco
36.71298694610596,-54.97338263756026,-54.97338263756026,-54.76006167641777,64.36877129522058,-5.476006167641777,0.6,tracking:fallback-aruco
36.783143043518066,-54.97394318878756,-54.97394318878756,-54.76006167641777,64.36877129522058,-5.476006167641777,0.6,tracking:fallback-aruco
36.847290992736816,-54.97303833959832,-54.97303833959832,-54.76006167641777,64.36877129522058,-5.476006167641777,0.6,tracking:fallback-aruco
36.916764974594116,-54.97860117030576,-54.97860117030576,-54.76006167641777,64.36877129522058,-5.476006167641777,0.6,tracking:fallback-aruco
36.98525023460388,-54.970240562977814,-54.970240562977814,-54.76006167641777,64.36877129522058,-5.476006167641777,0.6,tracking:fallback-aruco
37.04994201660156,-54.965248242529626,-54.965248242529626,-54.76006167641777,64.36877129522058,-5.476006167641777,0.6,tracking:fallback-aruco
37.119253158569336,-54.55656554237853,-54.55656554237853,-54.76006167641777,64.36877129522058,-5.476006167641777,0.6,tracking:fallback-aruco
37.18154311180115,-54.86172181581507,-54.86172181581507,-54.76006167641777,64.36877129522058,-5.476006167641777,0.6,tracking:fallback-aruco
37.24820899963379,-54.84619532455481,-54.84619532455481,-54.76006167641777,64.36877129522058,-5.476006167641777,0.6,tracking:fallback-aruco
37.31661009788513,-55.06886163902743,-55.06886163902743,-54.76006167641777,64.36877129522058,-5.476006167641777,0.6,tracking:fallback-aruco
37.38396501541138,-54.94849074854303,-54.94849074854303,-54.76006167641777,64.36877129522058,-5.476006167641777,0.6,tracking:fallback-aruco
37.446646213531494,-54.74495647316183,-54.74495647316183,-54.76006167641777,64.36877129522058,-5.476006167641777,0.6,tracking:fallback-aruco
37.51291513442993,-54.86084464909233,-54.86084464909233,-54.76006167641777,64.36877129522058,-5.476006167641777,0.6,tracking:fallback-aruco
37.5836820602417,-54.85961035528539,-54.85961035528539,-54.76006167641777,64.36877129522058,-5.476006167641777,0.6,tracking:fallback-aruco
37.64657688140869,-54.86024208606381,-54.86024208606381,-54.76006167641777,64.36877129522058,-5.476006167641777,0.6,tracking:fallback-aruco
37.71443700790405,-54.85891744337302,-54.85891744337302,-54.76006167641777,64.36877129522058,-5.476006167641777,0.6,tracking:fallback-aruco
37.78244614601135,-54.84505422526586,-54.84505422526586,-54.76006167641777,64.36877129522058,-5.476006167641777,0.6,tracking:fallback-aruco
37.848313093185425,-54.854985488404154,-54.854985488404154,-54.76006167641777,64.36877129522058,-5.476006167641777,0.6,tracking:fallback-aruco
37.915587186813354,-54.85295441703884,-54.85295441703884,-54.76006167641777,64.36877129522058,-5.476006167641777,0.6,tracking:fallback-aruco
37.98068404197693,-54.85510144799524,-54.85510144799524,-54.76006167641777,64.36877129522058,-5.476006167641777,0.6,tracking:fallback-aruco
38.05121421813965,-54.659358590985185,-54.659358590985185,-54.76006167641777,64.36877129522058,-5.476006167641777,0.6,tracking:fallback-aruco
38.11038112640381,-54.637951707011,-54.637951707011,-54.76006167641777,64.36877129522058,-5.476006167641777,0.6,tracking:fallback-aruco
38.18317008018494,-54.55056532830688,-54.55056532830688,-54.76006167641777,64.36877129522058,-5.476006167641777,0.6,tracking:fallback-aruco
38.24901103973389,-54.85900779225687,-54.85900779225687,-54.76006167641777,64.36877129522058,-5.476006167641777,0.6,tracking:fallback-aruco
38.31279397010803,-54.95537030554708,-54.95537030554708,-54.76006167641777,64.36877129522058,-5.476006167641777,0.6,tracking:fallback-aruco
38.381176233291626,-54.95540800759663,-54.95540800759663,-54.76006167641777,64.36877129522058,-5.476006167641777,0.6,tracking:fallback-aruco
38.448758125305176,-54.951333340807345,-54.951333340807345,-54.76006167641777,64.36877129522058,-5.476006167641777,0.6,tracking:fallback-aruco
38.513859272003174,-54.953369962842565,-54.953369962842565,-54.76006167641777,64.36877129522058,-5.476006167641777,0.6,tracking:fallback-aruco
38.58324909210205,-54.95338276731222,-54.95338276731222,-54.76006167641777,64.36877129522058,-5.476006167641777,0.6,tracking:fallback-aruco
38.648269176483154,-54.95310747121455,-54.95310747121455,-54.76006167641777,64.36877129522058,-5.476006167641777,0.6,tracking:fallback-aruco
38.709487199783325,-54.95492926270327,-54.95492926270327,-54.76006167641777,64.36877129522058,-5.476006167641777,0.6,tracking:fallback-aruco
38.78110384941101,-54.95547700946091,-54.95547700946091,-54.76006167641777,64.36877129522058,-5.476006167641777,0.6,tracking:fallback-aruco
38.847280979156494,-54.95122379145582,-54.95122379145582,-54.76006167641777,64.36877129522058,-5.476006167641777,0.6,tracking:fallback-aruco
38.913330078125,-54.95508505041745,-54.95508505041745,-54.76006167641777,64.36877129522058,-5.476006167641777,0.6,tracking:fallback-aruco
38.9822211265564,-54.85947163062121,-54.85947163062121,-54.76006167641777,64.36877129522058,-5.476006167641777,0.6,tracking:fallback-aruco
