sampleId,weightG,standardDeflectionMm,collecting,measurementMethod,detectStatus,usedPointCount,rmsePx,inlierRatio,staticAxisSource,staticPlaneTiltDeg,staticRollDeg,staticPoseRmsePx,quality,timeSec,rawMm,unscaledRawMm,filteredMm,baselineMm,deflectionCm,confidence,status,measurementPositionPx,measurementPxPerMm
sample_001_150g,150.0,0.44,1,homography,fallback-aruco,12,0.15489518642425537,1.0,pose,2.1836101790951856,1.146678984616234,0.3122707009315491,0.9025742915272713,3.4033919811248756,0.72947838306427,0.72947838306427,0.686771904199947,203.88920806646345,0.0686771904199947,0.6,tracking:target-only-static-unavailable,420.75,2.054077381095219
sample_001_150g,150.0,0.44,1,homography,fallback-aruco,12,0.15629997849464417,1.0,pose,2.234479463345318,1.1455356773749743,0.31778332591056824,0.9024162524193525,3.436725314458209,0.6078986525535583,0.6078986525535583,0.686771904199947,203.88920806646345,0.0686771904199947,0.6,tracking:target-only-static-unavailable,420.5,2.0462421101715647
sample_001_150g,150.0,0.44,1,homography,fallback-aruco,12,0.1509050726890564,1.0,pose,2.2315450074752863,1.1424906751243158,0.30561530590057373,0.9030231793224811,3.470058647791542,0.72947838306427,0.72947838306427,0.686771904199947,203.88920806646345,0.0686771904199947,0.6,tracking:target-only-static-unavailable,420.75,2.054077381095219
sample_001_150g,150.0,0.44,1,homography,fallback-aruco,12,0.15422099828720093,1.0,pose,2.2055707870182597,1.1461246847401243,0.31126368045806885,0.9026501376926899,3.5033919811248753,0.72947838306427,0.72947838306427,0.686771904199947,203.88920806646345,0.0686771904199947,0.6,tracking:target-only-static-unavailable,420.75,2.054077381095219
sample_001_150g,150.0,0.44,1,homography,fallback-aruco,12,0.15568579733371735,1.0,pose,2.2352577356599466,1.1333597996814,0.3150482177734375,0.9024853477999567,3.5367253144582085,0.72947838306427,0.72947838306427,0.686771904199947,203.88920806646345,0.0686771904199947,0.6,tracking:target-only-static-unavailable,420.75,2.054077381095219
sample_001_150g,150.0,0.44,1,homography,fallback-aruco,12,0.15114764869213104,1.0,pose,2.201176989438699,1.1372860620641252,0.3040614426136017,0.9029958895221352,3.5700586477915417,0.72947838306427,0.72947838306427,0.686771904199947,203.88920806646345,0.0686771904199947,0.6,tracking:target-only-static-unavailable,420.75,2.054077381095219
sample_001_150g,150.0,0.44,1,homography,fallback-aruco,12,0.15386871993541718,1.0,pose,2.2221349955101735,1.1361005308933234,0.30978867411613464,0.9026897690072656,3.603391981124875,0.72947838306427,0.72947838306427,0.686771904199947,203.88920806646345,0.0686771904199947,0.6,tracking:target-only-static-unavailable,420.75,2.054077381095219
sample_001_150g,150.0,0.44,1,homography,fallback-aruco,12,0.15538014471530914,1.0,pose,2.204048962041336,1.1428662903223252,0.3130617141723633,0.9025197337195278,3.636725314458208,0.72947838306427,0.72947838306427,0.686771904199947,203.88920806646345,0.0686771904199947,0.6,tracking:target-only-static-unavailable,420.75,2.054077381095219
sample_001_150g,150.0,0.44,1,homography,fallback-aruco,12,0.15541605651378632,1.0,pose,2.2162702429998538,1.1381879828157626,0.3132706582546234,0.9025156936421991,3.6700586477915413,0.72947838306427,0.72947838306427,0.686771904199947,203.88920806646345,0.0686771904199947,0.6,tracking:target-only-static-unavailable,420.75,2.054077381095219
sample_001_150g,150.0,0.44,1,homography,fallback-aruco,12,0.14772242307662964,1.0,pose,2.2040197031117668,1.1403724934841764,0.29715847969055176,0.9033812274038792,3.7033919811248746,0.72947838306427,0.72947838306427,0.686771904199947,203.88920806646345,0.0686771904199947,0.6,tracking:target-only-static-unavailable,420.75,2.054077381095219
sample_001_150g,150.0,0.44,1,homography,fallback-aruco,12,0.15182341635227203,1.0,pose,2.2035561337843745,1.1449788849573688,0.30571120977401733,0.9029198656603693,3.7367253144582078,0.72947838306427,0.72947838306427,0.686771904199947,203.88920806646345,0.0686771904199947,0.6,tracking:target-only-static-unavailable,420.75,2.054077381095219
sample_001_150g,150.0,0.44,1,homography,fallback-aruco,12,0.14757661521434784,1.0,pose,2.2584421630557925,1.1404606961232857,0.2973610758781433,0.9033976307883859,3.770058647791541,0.72947838306427,0.72947838306427,0.686771904199947,203.88920806646345,0.0686771904199947,0.6,tracking:target-only-static-unavailable,420.75,2.054077381095219
sample_001_150g,150.0,0.44,1,homography,fallback-aruco,12,0.15749205648899078,1.0,pose,2.239151369343514,1.1380563530823251,0.31815627217292786,0.9022821436449885,3.803391981124874,0.6078986525535583,0.6078986525535583,0.686771904199947,203.88920806646345,0.0686771904199947,0.6,tracking:target-only-static-unavailable,420.5,2.0462421101715647
sample_001_150g,150.0,0.44,1,homography,fallback-aruco,12,0.16288749873638153,1.0,pose,2.2210930409615455,1.1421783333144133,0.33252212405204773,0.9016751563921571,3.8367253144582074,0.6078986525535583,0.6078986525535583,0.686771904199947,203.88920806646345,0.0686771904199947,0.6,tracking:target-only-static-unavailable,420.5,2.0462421101715647
sample_001_150g,150.0,0.44,1,homography,fallback-aruco,12,0.15843097865581512,1.0,pose,2.242345107652625,1.1422721230491597,0.32220223546028137,0.9021765149012207,3.8700586477915406,0.72947838306427,0.72947838306427,0.686771904199947,203.88920806646345,0.0686771904199947,0.6,tracking:target-only-static-unavailable,420.75,2.054077381095219
sample_001_150g,150.0,0.44,1,homography,fallback-aruco,12,0.15789927542209625,1.0,pose,2.206522017645332,1.1368042796230253,0.3207428455352783,0.9022363315150141,3.903391981124874,0.6078986525535583,0.6078986525535583,0.686771904199947,203.88920806646345,0.0686771904199947,0.6,tracking:target-only-static-unavailable,420.5,2.0462421101715647
sample_001_150g,150.0,0.44,1,homography,fallback-aruco,12,0.1534026861190796,1.0,pose,2.2380055857046908,1.1372543719629713,0.3096374571323395,0.9027421978116036,3.936725314458207,0.6078986525535583,0.6078986525535583,0.686771904199947,203.88920806646345,0.0686771904199947,0.6,tracking:target-only-static-unavailable,420.5,2.0462421101715647
sample_001_150g,150.0,0.44,1,homography,fallback-aruco,12,0.1586102843284607,1.0,pose,2.2450742160073673,1.1324893166979602,0.3210570812225342,0.9021563430130481,3.9700586477915403,0.6078986525535583,0.6078986525535583,0.686771904199947,203.88920806646345,0.0686771904199947,0.6,tracking:target-only-static-unavailable,420.5,2.0462421101715647
sample_001_150g,150.0,0.44,1,homography,fallback-aruco,12,0.14701558649539948,1.0,pose,2.287663523956129,1.1277353580128444,0.2987218201160431,0.9034607465192676,4.0033919811248735,0.72947838306427,0.72947838306427,0.686771904199947,203.88920806646345,0.0686771904199947,0.6,tracking:target-only-static-unavailable,420.75,2.054077381095219
sample_001_150g,150.0,0.44,1,homography,fallback-aruco,12,0.1506713628768921,1.0,pose,2.272016274954421,1.1257521133639856,0.3032475709915161,0.9030494716763496,4.036725314458207,0.72947838306427,0.72947838306427,0.686771904199947,203.88920806646345,0.0686771904199947,0.6,tracking:target-only-static-unavailable,420.75,2.054077381095219
sample_001_150g,150.0,0.44,1,homography,fallback-aruco,12,0.15545152127742767,1.0,pose,2.2373218718174637,1.1377327688626677,0.3133606016635895,0.9025117038562894,4.07005864779154,0.72947838306427,0.72947838306427,0.686771904199947,203.88920806646345,0.0686771904199947,0.6,tracking:target-only-static-unavailable,420.75,2.054077381095219
sample_001_150g,150.0,0.44,1,homography,fallback-aruco,12,0.15752486884593964,1.0,pose,2.255918311738073,1.134013146529216,0.3174368441104889,0.9022784522548318,4.103391981124873,0.72947838306427,0.72947838306427,0.686771904199947,203.88920806646345,0.0686771904199947,0.6,tracking:target-only-static-unavailable,420.75,2.054077381095219
sample_001_150g,150.0,0.44,1,homography,fallback-aruco,12,0.15037763118743896,1.0,pose,2.2456841546047808,1.134090970525469,0.30277860164642334,0.903082516491413,4.136725314458206,0.72947838306427,0.72947838306427,0.686771904199947,203.88920806646345,0.0686771904199947,0.6,tracking:target-only-static-unavailable,420.75,2.054077381095219
sample_001_150g,150.0,0.44,1,homography,fallback-aruco,12,0.15458133816719055,1.0,pose,2.205154100484622,1.1339412017150439,0.3116823136806488,0.902609599456191,4.17005864779154,0.72947838306427,0.72947838306427,0.686771904199947,203.88920806646345,0.0686771904199947,0.6,tracking:target-only-static-unavailable,420.75,2.054077381095219
sample_001_150g,150.0,0.44,1,homography,fallback-aruco,12,0.15361341834068298,1.0,pose,2.2100399685004146,1.1393438510992409,0.3095133900642395,0.9027184904366731,4.203391981124873,0.6078986525535583,0.6078986525535583,0.686771904199947,203.88920806646345,0.0686771904199947,0.6,tracking:target-only-static-unavailable,420.5,2.0462421101715647
sample_001_150g,150.0,0.44,1,homography,fallback-aruco,12,0.15213504433631897,1.0,pose,2.230750714538377,1.1425632609486904,0.3070528209209442,0.9028848075121642,4.236725314458206,0.72947838306427,0.72947838306427,0.686771904199947,203.88920806646345,0.0686771904199947,0.6,tracking:target-only-static-unavailable,420.75,2.054077381095219
sample_001_150g,150.0,0.44,1,homography,fallback-aruco,12,0.15715819597244263,1.0,pose,2.226314309653504,1.137406342600911,0.31880414485931396,0.9023197029531002,4.270058647791539,0.6078986525535583,0.6078986525535583,0.686771904199947,203.88920806646345,0.0686771904199947,0.6,tracking:target-only-static-unavailable,420.5,2.0462421101715647
sample_001_150g,150.0,0.44,1,homography,fallback-aruco,12,0.15572404861450195,1.0,pose,2.1979041285553764,1.1387577155424216,0.31595900654792786,0.9024810445308685,4.303391981124872,0.72947838306427,0.72947838306427,0.686771904199947,203.88920806646345,0.0686771904199947,0.6,tracking:target-only-static-unavailable,420.75,2.054077381095219
sample_001_150g,150.0,0.44,1,homography,fallback-aruco,12,0.15663623809814453,1.0,pose,2.2520072663273365,1.1415910629351815,0.31981635093688965,0.9023784232139588,4.336725314458206,0.6078986525535583,0.6078986525535583,0.686771904199947,203.88920806646345,0.0686771904199947,0.6,tracking:target-only-static-unavailable,420.5,2.0462421101715647
sample_001_150g,150.0,0.44,1,homography,fallback-aruco,12,0.14688004553318024,1.0,pose,2.224622073076671,1.1339804676097238,0.29991018772125244,0.9034759948775172,4.370058647791539,0.6078986525535583,0.6078986525535583,0.686771904199947,203.88920806646345,0.0686771904199947,0.6,tracking:target-only-static-unavailable,420.5,2.0462421101715647
sample_001_150g,150.0,0.44,1,homography,fallback-aruco,12,0.163065105676651,1.0,pose,2.208245351677971,1.1399127981832233,0.3290255665779114,0.9016551756113768,4.403391981124872,0.72947838306427,0.72947838306427,0.686771904199947,203.88920806646345,0.0686771904199947,0.6,tracking:target-only-static-unavailable,420.75,2.054077381095219
sample_001_150g,150.0,0.44,1,homography,fallback-aruco,12,0.15899541974067688,1.0,pose,2.2418142534097747,1.1458781770039534,0.32483434677124023,0.9021130152791738,4.436725314458205,0.72947838306427,0.72947838306427,0.686771904199947,203.88920806646345,0.0686771904199947,0.6,tracking:target-only-static-unavailable,420.75,2.054077381095219
sample_001_150g,150.0,0.44,1,homography,fallback-aruco,12,0.15577901899814606,1.0,pose,2.2624991828646435,1.1460792303872414,0.31663569808006287,0.9024748603627085,4.4700586477915385,0.6078986525535583,0.6078986525535583,0.686771904199947,203.88920806646345,0.0686771904199947,0.6,tracking:target-only-static-unavailable,420.5,2.0462421101715647
sample_001_150g,150.0,0.44,1,homography,fallback-aruco,12,0.15062543749809265,1.0,pose,2.2031502333450628,1.1411423578424469,0.30396801233291626,0.9030546382814645,4.503391981124872,0.72947838306427,0.72947838306427,0.686771904199947,203.88920806646345,0.0686771904199947,0.6,tracking:target-only-static-unavailable,420.75,2.054077381095219
sample_001_150g,150.0,0.44,1,homography,fallback-aruco,12,0.14947406947612762,1.0,pose,2.198579848873171,1.1432431473547642,0.3008013665676117,0.9031841671839357,4.536725314458205,0.72947838306427,0.72947838306427,0.686771904199947,203.88920806646345,0.0686771904199947,0.6,tracking:target-only-static-unavailable,420.75,2.054077381095219
sample_001_150g,150.0,0.44,1,homography,fallback-aruco,12,0.1616145372390747,1.0,pose,2.2446315220695765,1.1321730270636003,0.3274143636226654,0.901818364560604,4.570058647791538,0.6078986525535583,0.6078986525535583,0.686771904199947,203.88920806646345,0.0686771904199947,0.6,tracking:target-only-static-unavailable,420.5,2.0462421101715647
sample_001_150g,150.0,0.44,1,homography,fallback-aruco,12,0.15922969579696655,1.0,pose,2.1730273152080186,1.1571474307145138,0.32397565245628357,0.9020866592228413,4.603391981124871,0.6078986525535583,0.6078986525535583,0.686771904199947,203.88920806646345,0.0686771904199947,0.6,tracking:target-only-static-unavailable,420.5,2.0462421101715647
sample_001_150g,150.0,0.44,1,homography,fallback-aruco,12,0.1410486102104187,1.0,pose,2.2129652413889076,1.1338526791688357,0.2838815450668335,0.9041320313513278,4.636725314458205,0.6078986525535583,0.6078986525535583,0.686771904199947,203.88920806646345,0.0686771904199947,0.6,tracking:target-only-static-unavailable,420.5,2.0462421101715647
sample_001_150g,150.0,0.44,1,homography,fallback-aruco,12,0.15574979782104492,1.0,pose,2.2220667871226847,1.1375000935906934,0.3144606947898865,0.9024781477451324,4.670058647791538,0.72947838306427,0.72947838306427,0.686771904199947,203.88920806646345,0.0686771904199947,0.6,tracking:target-only-static-unavailable,420.75,2.054077381095219
sample_001_150g,150.0,0.44,1,homography,fallback-aruco,12,0.15201923251152039,1.0,pose,2.213679083278104,1.1359534295823515,0.30830055475234985,0.9028978363424539,4.703391981124871,0.6078986525535583,0.6078986525535583,0.686771904199947,203.88920806646345,0.0686771904199947,0.6,tracking:target-only-static-unavailable,420.5,2.0462421101715647
sample_001_150g,150.0,0.44,1,homography,fallback-aruco,12,0.152074933052063,1.0,pose,2.275343094038071,1.1329002499875476,0.3084675967693329,0.9028915700316429,4.736725314458204,0.6078986525535583,0.6078986525535583,0.686771904199947,203.88920806646345,0.0686771904199947,0.6,tracking:target-only-static-unavailable,420.5,2.0462421101715647
sample_002_350g,350.0,1.36,1,homography,fallback-aruco,12,0.14415359497070312,1.0,pose,2.262633013804577,1.1203802731747374,0.29140543937683105,0.9037827205657959,6.477392641703275,1.5805364966392517,1.5805364966392517,1.52893947464073,203.88920806646345,0.152893947464073,0.6,tracking:target-only-static-unavailable,422.5,2.0462421101715647
sample_002_350g,350.0,1.36,1,homography,fallback-aruco,12,0.14017395675182343,1.0,pose,2.289717297848746,1.1134354287503458,0.2830383777618408,0.9042304298654199,6.510725975036608,1.823695957660675,1.823695957660675,1.52893947464073,203.88920806646345,0.152893947464073,0.6,tracking:target-only-static-unavailable,423.0,2.044076929307453
sample_002_350g,350.0,1.36,1,homography,fallback-aruco,12,0.13845708966255188,1.0,pose,2.2294667348521253,1.1168259176485251,0.28240904211997986,0.9044235774129629,6.544059308369941,1.823695957660675,1.823695957660675,1.52893947464073,203.88920806646345,0.152893947464073,0.6,tracking:target-only-static-unavailable,423.0,2.0462029781852715
sample_002_350g,350.0,1.36,1,homography,fallback-aruco,12,0.15148726105690002,1.0,pose,2.2355116027662154,1.1242987739298749,0.3077087104320526,0.9029576831310987,6.577392641703274,1.823695957660675,1.823695957660675,1.52893947464073,203.88920806646345,0.152893947464073,0.6,tracking:target-only-static-unavailable,423.0,2.0462029781852715
sample_002_350g,350.0,1.36,1,homography,fallback-aruco,12,0.14337709546089172,1.0,pose,2.2090739269796513,1.1199855182850176,0.2915055453777313,0.9038700767606497,6.610725975036607,1.823695957660675,1.823695957660675,1.52893947464073,203.88920806646345,0.152893947464073,0.6,tracking:target-only-static-unavailable,423.0,2.0463275668547842
sample_002_350g,350.0,1.36,1,homography,fallback-aruco,12,0.1455220729112625,1.0,pose,2.2434889877515074,1.1097171931215049,0.29611825942993164,0.9036287667974829,6.644059308369941,1.7021162271499632,1.7021162271499632,1.52893947464073,203.88920806646345,0.152893947464073,0.6,tracking:target-only-static-unavailable,422.75,2.0362683896566227
sample_002_350g,350.0,1.36,1,homography,fallback-aruco,12,0.14163093268871307,1.0,pose,2.2470660160554248,1.1218774266985279,0.2894646227359772,0.9040665200725198,6.677392641703274,1.823695957660675,1.823695957660675,1.52893947464073,203.88920806646345,0.152893947464073,0.6,tracking:target-only-static-unavailable,423.0,2.0462029781852715
sample_002_350g,350.0,1.36,1,homography,fallback-aruco,12,0.14277313649654388,1.0,pose,2.1776277689679038,1.1226353399125482,0.29236850142478943,0.9039380221441388,6.710725975036607,1.823695957660675,1.823695957660675,1.52893947464073,203.88920806646345,0.152893947464073,0.6,tracking:target-only-static-unavailable,423.0,2.0462029781852715
sample_002_350g,350.0,1.36,1,homography,fallback-aruco,12,0.1469855010509491,1.0,pose,2.2670728631236643,1.1156854535778542,0.29854461550712585,0.9034641311317683,6.74405930836994,1.823695957660675,1.823695957660675,1.52893947464073,203.88920806646345,0.152893947464073,0.6,tracking:target-only-static-unavailable,423.0,2.0462029781852715
sample_002_350g,350.0,1.36,1,homography,fallback-aruco,12,0.1474393904209137,1.0,pose,2.2991767453806076,1.1061273197448689,0.29699698090553284,0.9034130685776472,6.7773926417032735,1.823695957660675,1.823695957660675,1.52893947464073,203.88920806646345,0.152893947464073,0.6,tracking:target-only-static-unavailable,423.0,2.0262387107215236
sample_002_350g,350.0,1.36,1,homography,fallback-aruco,12,0.1484210193157196,1.0,pose,2.2188727066828164,1.1256138683310104,0.30023935437202454,0.9033026353269815,6.810725975036607,1.823695957660675,1.823695957660675,1.52893947464073,203.88920806646345,0.152893947464073,0.6,tracking:target-only-static-unavailable,423.0,2.044076929307453
sample_002_350g,350.0,1.36,1,homography,fallback-aruco,12,0.14593598246574402,1.0,pose,2.244244165803863,1.1271266403453275,0.29610195755958557,0.9035822019726037,6.84405930836994,1.5805364966392517,1.5805364966392517,1.52893947464073,203.88920806646345,0.152893947464073,0.6,tracking:target-only-static-unavailable,422.5,2.0462421101715647
sample_002_350g,350.0,1.36,1,homography,fallback-aruco,12,0.15332311391830444,1.0,pose,2.2641958106199085,1.1256140146457303,0.3104376196861267,0.9027511496841908,6.877392641703273,1.5805364966392517,1.5805364966392517,1.52893947464073,203.88920806646345,0.152893947464073,0.6,tracking:target-only-static-unavailable,422.5,2.0462421101715647
sample_002_350g,350.0,1.36,1,homography,fallback-aruco,12,0.14886033535003662,1.0,pose,2.27480869449317,1.1164128235723243,0.3010852336883545,0.9032532122731208,6.910725975036606,1.823695957660675,1.823695957660675,1.52893947464073,203.88920806646345,0.152893947464073,0.6,tracking:target-only-static-unavailable,423.0,2.0463275668547842
sample_002_350g,350.0,1.36,1,homography,fallback-aruco,12,0.15307943522930145,1.0,pose,2.2382464500922685,1.12304311216856,0.3121267259120941,0.9027785635367035,6.94405930836994,1.823695957660675,1.823695957660675,1.52893947464073,203.88920806646345,0.152893947464073,0.6,tracking:target-only-static-unavailable,423.0,2.0462029781852715
sample_002_350g,350.0,1.36,1,homography,fallback-aruco,12,0.14546234905719757,1.0,pose,2.2093695815432546,1.1233224161359139,0.29703468084335327,0.9036354857310652,6.977392641703273,1.823695957660675,1.823695957660675,1.52893947464073,203.88920806646345,0.152893947464073,0.6,tracking:target-only-static-unavailable,423.0,2.0462029781852715
sample_002_350g,350.0,1.36,1,homography,fallback-aruco,12,0.1514825075864792,1.0,pose,2.1856489086249566,1.1448030811600527,0.30813053250312805,0.9029582178965211,7.010725975036606,1.7021162271499632,1.7021162271499632,1.52893947464073,203.88920806646345,0.152893947464073,0.6,tracking:target-only-static-unavailable,422.75,2.0561759096203134
sample_002_350g,350.0,1.36,1,homography,fallback-aruco,12,0.14748208224773407,1.0,pose,2.2844013821753637,1.1239058729349416,0.30143970251083374,0.90340826574713,7.044059308369939,1.7021162271499632,1.7021162271499632,1.52893947464073,203.88920806646345,0.152893947464073,0.6,tracking:target-only-static-unavailable,422.75,2.0561759096203134
sample_002_350g,350.0,1.36,1,homography,fallback-aruco,12,0.14944061636924744,1.0,pose,2.2580123271497414,1.128649908542612,0.3035210967063904,0.9031879306584597,7.077392641703272,1.5805364966392517,1.5805364966392517,1.52893947464073,203.88920806646345,0.152893947464073,0.6,tracking:target-only-static-unavailable,422.5,2.0462421101715647
sample_002_350g,350.0,1.36,1,homography,fallback-aruco,12,0.1483156979084015,1.0,pose,2.2432151304176453,1.1190888934645902,0.30079081654548645,0.9033144839853048,7.110725975036606,1.823695957660675,1.823695957660675,1.52893947464073,203.88920806646345,0.152893947464073,0.6,tracking:target-only-static-unavailable,423.0,2.044076929307453
sample_002_350g,350.0,1.36,1,homography,fallback-aruco,12,0.15362709760665894,1.0,pose,2.239353786928723,1.1183725539107818,0.31124088168144226,0.9027169515192509,7.144059308369939,1.823695957660675,1.823695957660675,1.52893947464073,203.88920806646345,0.152893947464073,0.6,tracking:target-only-static-unavailable,423.0,2.0463275668547842
sample_002_350g,350.0,1.36,1,homography,fallback-aruco,12,0.1549803912639618,1.0,pose,2.1892914393990215,1.146028334314343,0.3153667747974396,0.9025647059828042,7.177392641703272,1.7021162271499632,1.7021162271499632,1.52893947464073,203.88920806646345,0.152893947464073,0.6,tracking:target-only-static-unavailable,422.75,2.0562996995000034
sample_002_350g,350.0,1.36,1,homography,fallback-aruco,12,0.14647234976291656,1.0,pose,2.2115176912750045,1.1381535863409653,0.29770350456237793,0.9035218606516718,7.210725975036605,1.823695957660675,1.823695957660675,1.52893947464073,203.88920806646345,0.152893947464073,0.6,tracking:target-only-static-unavailable,423.0,2.0462029781852715
sample_002_350g,350.0,1.36,1,homography,fallback-aruco,12,0.14296835660934448,1.0,pose,2.2311327810137116,1.1300758653370078,0.291215717792511,0.9039160598814487,7.2440593083699385,1.7021162271499632,1.7021162271499632,1.52893947464073,203.88920806646345,0.152893947464073,0.6,tracking:target-only-static-unavailable,422.75,2.054077381095219
sample_002_350g,350.0,1.36,1,homography,fallback-aruco,12,0.1445174217224121,1.0,pose,2.2716292964695093,1.1214552895227257,0.2920047640800476,0.9037417900562287,7.277392641703272,1.7021162271499632,1.7021162271499632,1.52893947464073,203.88920806646345,0.152893947464073,0.6,tracking:target-only-static-unavailable,422.75,2.0561759096203134
sample_002_350g,350.0,1.36,1,homography,fallback-aruco,12,0.14067813754081726,1.0,pose,2.2579121372718696,1.1221953836316758,0.2855730652809143,0.9041737095266581,7.310725975036605,1.823695957660675,1.823695957660675,1.52893947464073,203.88920806646345,0.152893947464073,0.6,tracking:target-only-static-unavailable,423.0,2.0462029781852715
sample_002_350g,350.0,1.36,1,homography,fallback-aruco,12,0.14809010922908783,1.0,pose,2.195629838192017,1.1317633067092046,0.3022943437099457,0.9033398627117276,7.344059308369938,1.823695957660675,1.823695957660675,1.52893947464073,203.88920806646345,0.152893947464073,0.6,tracking:target-only-static-unavailable,423.0,2.0462029781852715
sample_002_350g,350.0,1.36,1,homography,fallback-aruco,12,0.1489361673593521,1.0,pose,2.2312319385781447,1.126166927644422,0.30362018942832947,0.9032446811720728,7.377392641703271,1.823695957660675,1.823695957660675,1.52893947464073,203.88920806646345,0.152893947464073,0.6,tracking:target-only-static-unavailable,423.0,2.0462029781852715
sample_002_350g,350.0,1.36,1,homography,fallback-aruco,12,0.14654096961021423,1.0,pose,2.2471743564874656,1.1241203025806417,0.2968386113643646,0.9035141409188508,7.410725975036605,1.7021162271499632,1.7021162271499632,1.7290753707353523,203.88920806646345,0.17290753707353523,0.6,tracking:target-only-static-unavailable,422.75,2.054077381095219
sample_002_350g,350.0,1.36,1,homography,fallback-aruco,12,0.15165983140468597,1.0,pose,2.2328225718889154,1.1309068296862916,0.3074333369731903,0.9029382689669728,7.444059308369938,1.5805364966392517,1.5805364966392517,1.7290753707353523,203.88920806646345,0.17290753707353523,0.6,tracking:target-only-static-unavailable,422.5,2.0462421101715647
sample_002_350g,350.0,1.36,1,homography,fallback-aruco,12,0.15417400002479553,1.0,pose,2.207620808775566,1.1271930479234296,0.3126434087753296,0.9026554249972104,7.477392641703271,1.823695957660675,1.823695957660675,1.7290753707353523,203.88920806646345,0.17290753707353523,0.6,tracking:target-only-static-unavailable,423.0,2.044076929307453
sample_002_350g,350.0,1.36,1,homography,fallback-aruco,12,0.14332351088523865,1.0,pose,2.239263180128126,1.1188417064348812,0.29001426696777344,0.9038761050254106,7.510725975036604,1.7021162271499632,1.7021162271499632,1.7290753707353523,203.88920806646345,0.17290753707353523,0.6,tracking:target-only-static-unavailable,422.75,2.0562996995000034
sample_002_350g,350.0,1.36,1,homography,fallback-aruco,12,0.1370062530040741,1.0,pose,2.2369262724855763,1.124141923215972,0.2771066129207611,0.9045867965370417,7.544059308369937,1.823695957660675,1.823695957660675,1.7290753707353523,203.88920806646345,0.17290753707353523,0.6,tracking:target-only-static-unavailable,423.0,2.0462029781852715
sample_002_350g,350.0,1.36,1,homography,fallback-aruco,12,0.13879956305027008,1.0,pose,2.2368574498377938,1.1214493142518178,0.2822854518890381,0.9043850491568446,7.577392641703271,1.823695957660675,1.823695957660675,1.7290753707353523,203.88920806646345,0.17290753707353523,0.6,tracking:target-only-static-unavailable,423.0,2.0462029781852715
sample_002_350g,350.0,1.36,1,homography,fallback-aruco,12,0.1431027054786682,1.0,pose,2.2643530083877486,1.1168239304589682,0.2894134223461151,0.9039009456336499,7.610725975036604,1.823695957660675,1.823695957660675,1.7290753707353523,203.88920806646345,0.17290753707353523,0.6,tracking:target-only-static-unavailable,423.0,2.0462029781852715
sample_002_350g,350.0,1.36,1,homography,fallback-aruco,12,0.15418198704719543,1.0,pose,2.2272659399518253,1.120848745589605,0.312062531709671,0.9026545264571905,7.644059308369937,1.7021162271499632,1.7021162271499632,1.7290753707353523,203.88920806646345,0.17290753707353523,0.6,tracking:target-only-static-unavailable,422.75,2.0562996995000034
sample_002_350g,350.0,1.36,1,homography,fallback-aruco,12,0.14488236606121063,1.0,pose,2.2126330906539815,1.1231373962659468,0.2937597334384918,0.9037007338181138,7.67739264170327,1.7021162271499632,1.7021162271499632,1.7290753707353523,203.88920806646345,0.17290753707353523,0.6,tracking:target-only-static-unavailable,422.75,2.0562996995000034
sample_002_350g,350.0,1.36,1,homography,fallback-aruco,12,0.15055719017982483,1.0,pose,2.171699309010395,1.1507936407336092,0.3060694932937622,0.9030623161047696,7.7107259750366035,1.7021162271499632,1.7021162271499632,1.7290753707353523,203.88920806646345,0.17290753707353523,0.6,tracking:target-only-static-unavailable,422.75,2.0561759096203134
sample_002_350g,350.0,1.36,1,homography,fallback-aruco,12,0.145600825548172,1.0,pose,2.2314374920693543,1.1423924039718754,0.3003077208995819,0.9036199071258306,7.744059308369937,1.7021162271499632,1.7021162271499632,1.7290753707353523,203.88920806646345,0.17290753707353523,0.6,tracking:target-only-static-unavailable,422.75,2.0561759096203134
sample_002_350g,350.0,1.36,1,homography,fallback-aruco,12,0.13615499436855316,1.0,pose,2.240313818631583,1.1326825127473263,0.27773332595825195,0.9046825631335377,7.77739264170327,1.823695957660675,1.823695957660675,1.7290753707353523,203.88920806646345,0.17290753707353523,0.6,tracking:target-only-static-unavailable,423.0,2.0462029781852715
sample_002_350g,350.0,1.36,1,homography,fallback-aruco,12,0.13949981331825256,1.0,pose,2.215420356045267,1.139769538053496,0.284334659576416,0.9043062710016966,7.810725975036603,1.7021162271499632,1.7021162271499632,1.7290753707353523,203.88920806646345,0.17290753707353523,0.6,tracking:target-only-static-unavailable,422.75,2.0561759096203134
sample_003_850g,850.0,3.55,1,homography,fallback-aruco,12,0.14544567465782166,1.0,pose,2.204985652910469,1.1383930904432598,0.29988256096839905,0.9036373616009951,8.928003931045511,4.498450028896332,4.498450028896332,3.8765335084581087,203.88920806646345,0.3876533508458109,0.6,tracking:target-only-static-unavailable,428.5,2.0462990139446586
sample_003_850g,850.0,3.55,1,homography,fallback-aruco,12,0.14582130312919617,1.0,pose,2.239259072078511,1.135867254392094,0.29861655831336975,0.9035951033979653,8.961337264378844,4.498450028896332,4.498450028896332,3.8765335084581087,203.88920806646345,0.3876533508458109,0.6,tracking:target-only-static-unavailable,428.5,2.0462990139446586
sample_003_850g,850.0,3.55,1,homography,fallback-aruco,12,0.14403671026229858,1.0,pose,2.2090797047398594,1.1430454018301686,0.29596614837646484,0.9037958700954914,8.994670597712178,4.498450028896332,4.498450028896332,3.8765335084581087,203.88920806646345,0.3876533508458109,0.6,tracking:target-only-static-unavailable,428.5,2.0462990139446586
sample_003_850g,850.0,3.55,1,homography,fallback-aruco,12,0.1429007351398468,1.0,pose,2.236437640625619,1.1373275686265365,0.2935301661491394,0.9039236672967672,9.028003931045511,4.498450028896332,4.498450028896332,3.8765335084581087,203.88920806646345,0.3876533508458109,0.6,tracking:target-only-static-unavailable,428.5,2.0462990139446586
sample_003_850g,850.0,3.55,1,homography,fallback-aruco,12,0.1620483547449112,1.0,pose,2.150593799007992,1.15871707408429,0.3325057327747345,0.9017695600911975,9.061337264378844,4.498450028896332,4.498450028896332,3.8765335084581087,203.88920806646345,0.3876533508458109,0.6,tracking:target-only-static-unavailable,428.5,2.0462990139446586
sample_003_850g,850.0,3.55,1,homography,fallback-aruco,12,0.15887451171875,1.0,pose,2.180790586035459,1.149965266288377,0.32467660307884216,0.9021266174316406,9.094670597712177,4.498450028896332,4.498450028896332,3.8765335084581087,203.88920806646345,0.3876533508458109,0.6,tracking:target-only-static-unavailable,428.5,2.0462990139446586
sample_003_850g,850.0,3.55,1,homography,fallback-aruco,12,0.149288147687912,1.0,pose,2.2090271150475305,1.1417677883895307,0.3041972517967224,0.9032050833851099,9.12800393104551,4.498450028896332,4.498450028896332,3.8765335084581087,203.88920806646345,0.3876533508458109,0.6,tracking:target-only-static-unavailable,428.5,2.0462990139446586
sample_003_850g,850.0,3.55,1,homography,fallback-aruco,12,0.151175394654274,1.0,pose,2.2232253714842094,1.1515893954210927,0.3089808225631714,0.9029927681013942,9.161337264378844,4.620029759407044,4.620029759407044,4.086109595444309,203.88920806646345,0.40861095954443094,0.6,tracking:target-only-static-unavailable,428.75,2.0519271159784127
sample_003_850g,850.0,3.55,1,homography,fallback-aruco,12,0.15514416992664337,1.0,pose,2.243070603359867,1.1454473977359383,0.3176436126232147,0.9025462808832526,9.194670597712177,4.620029759407044,4.620029759407044,4.086109595444309,203.88920806646345,0.40861095954443094,0.6,tracking:target-only-static-unavailable,428.75,2.056234375295679
sample_003_850g,850.0,3.55,1,homography,fallback-aruco,12,0.15043912827968597,1.0,pose,2.2565881798329297,1.1432977779910338,0.3073897957801819,0.9030755980685353,9.22800393104551,4.498450028896332,4.498450028896332,4.086109595444309,203.88920806646345,0.40861095954443094,0.6,tracking:target-only-static-unavailable,428.5,2.0462990139446586
sample_003_850g,850.0,3.55,1,homography,fallback-aruco,12,0.14542128145694733,1.0,pose,2.241451010439185,1.1377925601232026,0.2979920208454132,0.9036401058360933,9.261337264378843,4.498450028896332,4.498450028896332,4.086109595444309,203.88920806646345,0.40861095954443094,0.6,tracking:target-only-static-unavailable,428.5,2.0462990139446586
sample_003_850g,850.0,3.55,1,homography,fallback-aruco,12,0.14381006360054016,1.0,pose,2.2430494439935704,1.1382696088088404,0.29353979229927063,0.9038213678449393,9.294670597712177,4.498450028896332,4.498450028896332,4.086109595444309,203.88920806646345,0.40861095954443094,0.6,tracking:target-only-static-unavailable,428.5,2.0462990139446586
sample_003_850g,850.0,3.55,1,homography,fallback-aruco,12,0.1561516672372818,1.0,pose,2.276563600061819,1.1343891210431423,0.3193013072013855,0.9024329374358058,9.32800393104551,4.620029759407044,4.620029759407044,4.086109595444309,203.88920806646345,0.40861095954443094,0.6,tracking:target-only-static-unavailable,428.75,2.0539216728072547
sample_003_850g,850.0,3.55,1,homography,fallback-aruco,12,0.1479090005159378,1.0,pose,2.2516680354888052,1.135987893917751,0.302584171295166,0.903360237441957,9.361337264378843,4.741609489917755,4.741609489917755,4.086109595444309,203.88920806646345,0.40861095954443094,0.6,tracking:target-only-static-unavailable,429.0,2.0462624753688154
sample_003_850g,850.0,3.55,1,homography,fallback-aruco,12,0.15726591646671295,1.0,pose,2.233188613786038,1.1472963060386745,0.3226834833621979,0.9023075843974947,9.394670597712176,4.620029759407044,4.620029759407044,4.086109595444309,203.88920806646345,0.40861095954443094,0.6,tracking:target-only-static-unavailable,428.75,2.0539216728072547
sample_003_850g,850.0,3.55,1,homography,fallback-aruco,12,0.15447339415550232,1.0,pose,2.223098014050127,1.1458955691629893,0.31813180446624756,0.902621743157506,9.42800393104551,4.620029759407044,4.620029759407044,4.086109595444309,203.88920806646345,0.40861095954443094,0.6,tracking:target-only-static-unavailable,428.75,2.036326519594411
sample_003_850g,850.0,3.55,1,homography,fallback-aruco,12,0.14993387460708618,1.0,pose,2.23026027002514,1.1494102577638998,0.30742043256759644,0.9031324391067027,9.461337264378843,4.498450028896332,4.498450028896332,4.086109595444309,203.88920806646345,0.40861095954443094,0.6,tracking:target-only-static-unavailable,428.5,2.0462990139446586
sample_003_850g,850.0,3.55,1,homography,fallback-aruco,12,0.15254004299640656,1.0,pose,2.255677727436713,1.1465014352478533,0.3123006820678711,0.9028392451629043,9.494670597712176,4.620029759407044,4.620029759407044,4.086109595444309,203.88920806646345,0.40861095954443094,0.6,tracking:target-only-static-unavailable,428.75,2.036326519594411
sample_003_850g,850.0,3.55,1,homography,fallback-aruco,12,0.15700894594192505,1.0,pose,2.260869971964719,1.140546764756142,0.3205110430717468,0.9023364935815333,9.52800393104551,4.620029759407044,4.620029759407044,4.29010185567842,203.88920806646345,0.429010185567842,0.6,tracking:target-only-static-unavailable,428.75,2.036326519594411
sample_003_850g,850.0,3.55,1,homography,fallback-aruco,12,0.16091972589492798,1.0,pose,2.2100033742453133,1.1620381021558637,0.33439984917640686,0.9018965308368206,9.561337264378842,4.498450028896332,4.498450028896332,4.29010185567842,203.88920806646345,0.429010185567842,0.6,tracking:target-only-static-unavailable,428.5,2.0462990139446586
sample_003_850g,850.0,3.55,1,homography,fallback-aruco,12,0.16170482337474823,1.0,pose,2.1676299456719113,1.1622698165901848,0.3321954309940338,0.9018082073703407,9.594670597712176,4.498450028896332,4.498450028896332,4.29010185567842,203.88920806646345,0.429010185567842,0.6,tracking:target-only-static-unavailable,428.5,2.0462990139446586
sample_003_850g,850.0,3.55,1,homography,fallback-aruco,12,0.15013282001018524,1.0,pose,2.1842860371710264,1.152565260043511,0.30768394470214844,0.9031100577488541,9.628003931045509,4.620029759407044,4.620029759407044,4.29010185567842,203.88920806646345,0.429010185567842,0.6,tracking:target-only-static-unavailable,428.75,2.0539216728072547
sample_003_850g,850.0,3.55,1,homography,fallback-aruco,12,0.15551789104938507,1.0,pose,2.1694733080142576,1.1477996031612432,0.3169574737548828,0.9025042372569442,9.661337264378842,4.620029759407044,4.620029759407044,4.29010185567842,203.88920806646345,0.429010185567842,0.6,tracking:target-only-static-unavailable,428.75,2.0539216728072547
sample_003_850g,850.0,3.55,1,homography,fallback-aruco,12,0.15044841170310974,1.0,pose,2.235841124357132,1.1496701716548359,0.3091752529144287,0.9030745536834001,9.694670597712175,4.498450028896332,4.498450028896332,4.29010185567842,203.88920806646345,0.429010185567842,0.6,tracking:target-only-static-unavailable,428.5,2.0462990139446586
sample_003_850g,850.0,3.55,1,homography,fallback-aruco,12,0.15265268087387085,1.0,pose,2.236897670190995,1.147839935872525,0.3142938017845154,0.9028265734016895,9.728003931045508,4.620029759407044,4.620029759407044,4.29010185567842,203.88920806646345,0.429010185567842,0.6,tracking:target-only-static-unavailable,428.75,2.0519271159784127
sample_003_850g,850.0,3.55,1,homography,fallback-aruco,12,0.1595679372549057,1.0,pose,2.2425894786027665,1.1512209673064708,0.3247070610523224,0.9020486070588231,9.761337264378842,4.498450028896332,4.498450028896332,4.29010185567842,203.88920806646345,0.429010185567842,0.6,tracking:target-only-static-unavailable,428.5,2.0462990139446586
sample_003_850g,850.0,3.55,1,homography,fallback-aruco,12,0.15786585211753845,1.0,pose,2.2284691326357606,1.1550703667007562,0.32309815287590027,0.9022400916367769,9.794670597712175,4.498450028896332,4.498450028896332,4.29010185567842,203.88920806646345,0.429010185567842,0.6,tracking:target-only-static-unavailable,428.5,2.0462990139446586
sample_003_850g,850.0,3.55,1,homography,fallback-aruco,12,0.1527659147977829,1.0,pose,2.231538900105389,1.1506686948244256,0.31263625621795654,0.9028138345852493,9.828003931045508,4.498450028896332,4.498450028896332,4.29010185567842,203.88920806646345,0.429010185567842,0.6,tracking:target-only-static-unavailable,428.5,2.0462990139446586
sample_003_850g,850.0,3.55,1,homography,fallback-aruco,12,0.14578379690647125,1.0,pose,2.1985689456354742,1.1460047919313312,0.2980734407901764,0.903599322848022,9.861337264378841,4.620029759407044,4.620029759407044,4.29010185567842,203.88920806646345,0.429010185567842,0.6,tracking:target-only-static-unavailable,428.75,2.0539216728072547
sample_003_850g,850.0,3.55,1,homography,fallback-aruco,12,0.15297794342041016,1.0,pose,2.1867127922521976,1.142433376961332,0.3132627308368683,0.9027899813652038,9.894670597712174,4.498450028896332,4.498450028896332,4.29010185567842,203.88920806646345,0.429010185567842,0.6,tracking:target-only-static-unavailable,428.5,2.0462990139446586
sample_003_850g,850.0,3.55,1,homography,fallback-aruco,12,0.15494507551193237,1.0,pose,2.2131573987635713,1.148595327473934,0.31821954250335693,0.9025686790049076,9.928003931045508,4.620029759407044,4.620029759407044,4.29010185567842,203.88920806646345,0.429010185567842,0.6,tracking:target-only-static-unavailable,428.75,2.036326519594411
sample_003_850g,850.0,3.55,1,homography,fallback-aruco,12,0.1539333611726761,1.0,pose,2.255679305911557,1.1445928516107287,0.31527265906333923,0.9026824968680739,9.961337264378841,4.498450028896332,4.498450028896332,4.29010185567842,203.88920806646345,0.429010185567842,0.6,tracking:target-only-static-unavailable,428.5,2.0462990139446586
sample_003_850g,850.0,3.55,1,homography,fallback-aruco,12,0.1513713002204895,1.0,pose,2.259940303375474,1.1462977143287862,0.3112407624721527,0.9029707287251949,9.994670597712174,4.498450028896332,4.498450028896332,4.29010185567842,203.88920806646345,0.429010185567842,0.6,tracking:target-only-static-unavailable,428.5,2.0462990139446586
sample_003_850g,850.0,3.55,1,homography,fallback-aruco,12,0.15439069271087646,1.0,pose,2.239680668911567,1.1496480161880809,0.3178170621395111,0.9026310470700264,10.028003931045507,4.498450028896332,4.498450028896332,4.29010185567842,203.88920806646345,0.429010185567842,0.6,tracking:target-only-static-unavailable,428.5,2.0462990139446586
sample_003_850g,850.0,3.55,1,homography,fallback-aruco,12,0.1560252457857132,1.0,pose,2.2161502685372145,1.154910567930287,0.3222147524356842,0.9024471598491072,10.06133726437884,4.498450028896332,4.498450028896332,4.29010185567842,203.88920806646345,0.429010185567842,0.6,tracking:target-only-static-unavailable,428.5,2.0462990139446586
sample_003_850g,850.0,3.55,1,homography,fallback-aruco,12,0.15823766589164734,1.0,pose,2.2033479606512203,1.1536749265926354,0.32475847005844116,0.9021982625871897,10.094670597712174,4.498450028896332,4.498450028896332,4.29010185567842,203.88920806646345,0.429010185567842,0.6,tracking:target-only-static-unavailable,428.5,2.0462990139446586
sample_003_850g,850.0,3.55,1,homography,fallback-aruco,12,0.15024921298027039,1.0,pose,2.2096281095127273,1.1507916820182162,0.31000909209251404,0.9030969635397196,10.128003931045507,4.498450028896332,4.498450028896332,4.29010185567842,203.88920806646345,0.429010185567842,0.6,tracking:target-only-static-unavailable,428.5,2.0462990139446586
sample_003_850g,850.0,3.55,1,homography,fallback-aruco,12,0.14688703417778015,1.0,pose,2.2305244916868947,1.148790192375993,0.29996955394744873,0.9034752086549996,10.16133726437884,4.498450028896332,4.498450028896332,4.29010185567842,203.88920806646345,0.429010185567842,0.6,tracking:target-only-static-unavailable,428.5,2.0462990139446586
sample_003_850g,850.0,3.55,1,homography,fallback-aruco,12,0.16186220943927765,1.0,pose,2.1886451734959764,1.1642446305690284,0.3326885998249054,0.9017905014380813,10.194670597712173,4.498450028896332,4.498450028896332,4.29010185567842,203.88920806646345,0.429010185567842,0.6,tracking:target-only-static-unavailable,428.5,2.0462990139446586
sample_003_850g,850.0,3.55,1,homography,fallback-aruco,12,0.14575780928134918,1.0,pose,2.2323364293146355,1.161361172719569,0.30135345458984375,0.9036022464558482,10.228003931045507,4.498450028896332,4.498450028896332,4.29010185567842,203.88920806646345,0.429010185567842,0.6,tracking:target-only-static-unavailable,428.5,2.0462990139446586
sample_003_850g,850.0,3.55,1,homography,fallback-aruco,12,0.15525135397911072,1.0,pose,2.237192809375302,1.1474318154315024,0.3173588216304779,0.90253422267735,10.26133726437884,4.498450028896332,4.498450028896332,4.29010185567842,203.88920806646345,0.429010185567842,0.6,tracking:target-only-static-unavailable,428.5,2.0462990139446586
sample_004_0g,0.0,0.5,1,homography,fallback-aruco,12,0.15450406074523926,1.0,pose,2.20744416033196,1.1550214980913143,0.3201858103275299,0.9026182931661605,11.431232118606538,0.0,0.0,1.088634123292539,203.88920806646345,0.1088634123292539,0.6,tracking:target-only-static-unavailable,419.25,2.056263810997459
sample_004_0g,0.0,0.5,1,homography,fallback-aruco,12,0.1569046974182129,1.0,pose,2.192091498270373,1.1529168676167674,0.3232402205467224,0.902348221540451,11.46456545193987,0.0,0.0,1.088634123292539,203.88920806646345,0.1088634123292539,0.6,tracking:target-only-static-unavailable,419.25,2.056263810997459
sample_004_0g,0.0,0.5,1,homography,fallback-aruco,12,0.1523228883743286,1.0,pose,2.1761722888822317,1.160449823883131,0.3163478672504425,0.902863675057888,11.497898785273204,0.0,0.0,0.8497121244724063,203.88920806646345,0.08497121244724062,0.6,tracking:target-only-static-unavailable,419.25,2.056263810997459
sample_004_0g,0.0,0.5,1,homography,fallback-aruco,12,0.14312562346458435,1.0,pose,2.2874860671902053,1.1449645871039662,0.2965760827064514,0.9038983673602342,11.531232118606537,0.0,0.0,0.8497121244724063,203.88920806646345,0.08497121244724062,0.6,tracking:target-only-static-unavailable,419.25,2.056263810997459
sample_004_0g,0.0,0.5,1,homography,fallback-aruco,12,0.14508363604545593,1.0,pose,2.2515828509953146,1.1445365137943861,0.29861122369766235,0.9036780909448862,11.56456545193987,0.0,0.0,0.8497121244724063,203.88920806646345,0.08497121244724062,0.6,tracking:target-only-static-unavailable,419.25,2.056263810997459
sample_004_0g,0.0,0.5,1,homography,fallback-aruco,12,0.15295955538749695,1.0,pose,2.1951636051226875,1.1563427817046938,0.31903690099716187,0.9027920500189065,11.597898785273204,0.0,0.0,0.8497121244724063,203.88920806646345,0.08497121244724062,0.6,tracking:target-only-static-unavailable,419.25,2.0540789906064774
sample_004_0g,0.0,0.5,1,homography,fallback-aruco,12,0.15399669110774994,1.0,pose,2.2195342021052866,1.1517228392489727,0.3184334635734558,0.9026753722503781,11.631232118606537,0.0,0.0,0.8497121244724063,203.88920806646345,0.08497121244724062,0.6,tracking:target-only-static-unavailable,419.25,2.0540789906064774
sample_004_0g,0.0,0.5,1,homography,fallback-aruco,12,0.15601615607738495,1.0,pose,2.210576238926364,1.1577292590013761,0.3213922679424286,0.9024481824412941,11.66456545193987,0.0,0.0,0.8497121244724063,203.88920806646345,0.08497121244724062,0.6,tracking:target-only-static-unavailable,419.25,2.056263810997459
sample_004_0g,0.0,0.5,1,homography,fallback-aruco,12,0.14856871962547302,1.0,pose,2.2156244505815934,1.148348674704964,0.31235748529434204,0.9032860190421342,11.697898785273203,0.12157973051071166,0.12157973051071166,0.6337286329537096,203.88920806646345,0.06337286329537097,0.6,tracking:target-only-static-unavailable,419.5,2.044076929307453
sample_004_0g,0.0,0.5,1,homography,fallback-aruco,12,0.1500301957130432,1.0,pose,2.2057936631668293,1.1524805781591367,0.31079232692718506,0.9031216029822826,11.731232118606536,0.0,0.0,0.6337286329537096,203.88920806646345,0.06337286329537097,0.6,tracking:target-only-static-unavailable,419.25,2.056263810997459
sample_004_0g,0.0,0.5,1,homography,fallback-aruco,12,0.1564866602420807,1.0,pose,2.1743177592691754,1.1486914261692136,0.32131293416023254,0.9023952507227658,11.76456545193987,0.0,0.0,0.6337286329537096,203.88920806646345,0.06337286329537097,0.6,tracking:target-only-static-unavailable,419.25,2.056263810997459
sample_004_0g,0.0,0.5,1,homography,fallback-aruco,12,0.1521134227514267,1.0,pose,2.20992633604705,1.1446221557423808,0.3149181604385376,0.9028872399404645,11.797898785273203,0.0,0.0,0.6337286329537096,203.88920806646345,0.06337286329537097,0.6,tracking:target-only-static-unavailable,419.25,2.056263810997459
sample_004_0g,0.0,0.5,1,homography,fallback-aruco,12,0.15654481947422028,1.0,pose,2.205731650841474,1.1537239019251253,0.3234076499938965,0.9023887078091503,11.831232118606536,0.0,0.0,0.6337286329537096,203.88920806646345,0.06337286329537097,0.6,tracking:target-only-static-unavailable,419.25,2.056263810997459
sample_004_0g,0.0,0.5,1,homography,fallback-aruco,12,0.14112034440040588,1.0,pose,2.232891730132692,1.1410760287946768,0.29360300302505493,0.9041239612549543,11.86456545193987,0.12157973051071166,0.12157973051071166,0.6337286329537096,203.88920806646345,0.06337286329537097,0.6,tracking:target-only-static-unavailable,419.5,2.044076929307453
sample_004_0g,0.0,0.5,1,homography,fallback-aruco,12,0.15199269354343414,1.0,pose,2.2400438601770083,1.1335113824044907,0.3140730559825897,0.9029008219763636,11.897898785273203,0.0,0.0,0.6337286329537096,203.88920806646345,0.06337286329537097,0.6,tracking:target-only-static-unavailable,419.25,2.056263810997459
sample_004_0g,0.0,0.5,1,homography,fallback-aruco,12,0.14675216376781464,1.0,pose,2.2289880499981076,1.1564005063894889,0.3079428970813751,0.9034903815761208,11.931232118606536,0.0,0.0,0.6337286329537096,203.88920806646345,0.06337286329537097,0.6,tracking:target-only-static-unavailable,419.25,2.0540789906064774
sample_004_0g,0.0,0.5,1,homography,fallback-aruco,12,0.15408463776111603,1.0,pose,2.2457273755996487,1.1467557021550119,0.31844934821128845,0.9026654782518745,11.964565451939869,0.12157973051071166,0.12157973051071166,0.43062016121092905,203.88920806646345,0.04306201612109291,0.6,tracking:target-only-static-unavailable,419.5,2.044076929307453
sample_004_0g,0.0,0.5,1,homography,fallback-aruco,12,0.15791839361190796,1.0,pose,2.1577929339194633,1.1603898585844692,0.3270031213760376,0.9022341807186604,11.997898785273202,0.0,0.0,0.43062016121092905,203.88920806646345,0.04306201612109291,0.6,tracking:target-only-static-unavailable,419.25,2.0540789906064774
sample_004_0g,0.0,0.5,1,homography,fallback-aruco,12,0.1549568921327591,1.0,pose,2.202637860659928,1.1565165581809147,0.3236249089241028,0.9025673496350646,12.031232118606535,0.0,0.0,0.43062016121092905,203.88920806646345,0.04306201612109291,0.6,tracking:target-only-static-unavailable,419.25,2.0540789906064774
sample_004_0g,0.0,0.5,1,homography,fallback-aruco,12,0.15005885064601898,1.0,pose,2.192831804041172,1.1617952216911447,0.31393963098526,0.9031183793023229,12.064565451939869,0.0,0.0,0.43062016121092905,203.88920806646345,0.04306201612109291,0.6,tracking:target-only-static-unavailable,419.25,2.0540789906064774
sample_004_0g,0.0,0.5,1,homography,fallback-aruco,12,0.14973585307598114,1.0,pose,2.1904959964251223,1.163384284269953,0.3129982352256775,0.9031547165289521,12.097898785273202,0.0,0.0,0.43062016121092905,203.88920806646345,0.04306201612109291,0.6,tracking:target-only-static-unavailable,419.25,2.0540789906064774
sample_004_0g,0.0,0.5,1,homography,fallback-aruco,12,0.14900420606136322,1.0,pose,2.2600764421210906,1.1607459475079012,0.31335484981536865,0.9032370268180966,12.131232118606535,0.0,0.0,0.43062016121092905,203.88920806646345,0.04306201612109291,0.6,tracking:target-only-static-unavailable,419.25,2.056263810997459
sample_004_0g,0.0,0.5,1,homography,fallback-aruco,12,0.15485796332359314,1.0,pose,2.2094601259927225,1.1616671127292313,0.32276591658592224,0.9025784791260957,12.164565451939868,0.0,0.0,0.43062016121092905,203.88920806646345,0.04306201612109291,0.6,tracking:target-only-static-unavailable,419.25,2.056263810997459
sample_004_0g,0.0,0.5,1,homography,fallback-aruco,12,0.14711149036884308,1.0,pose,2.23099587795789,1.154034963454425,0.3057195842266083,0.9034499573335052,12.197898785273201,0.12157973051071166,0.12157973051071166,0.43062016121092905,203.88920806646345,0.04306201612109291,0.6,tracking:target-only-static-unavailable,419.5,2.044076929307453
sample_004_0g,0.0,0.5,1,homography,fallback-aruco,12,0.15217456221580505,1.0,pose,2.1962934796568434,1.1619462711056663,0.3165290653705597,0.9028803617507218,12.231232118606535,0.0,0.0,0.43062016121092905,203.88920806646345,0.04306201612109291,0.6,tracking:target-only-static-unavailable,419.25,2.056263810997459
sample_004_0g,0.0,0.5,1,homography,fallback-aruco,12,0.15181975066661835,1.0,pose,2.218891536266262,1.1582506951151688,0.31492123007774353,0.9029202780500054,12.264565451939868,0.0,0.0,0.43062016121092905,203.88920806646345,0.04306201612109291,0.6,tracking:target-only-static-unavailable,419.25,2.0540789906064774
sample_004_0g,0.0,0.5,1,homography,fallback-aruco,12,0.1510363221168518,1.0,pose,2.14562917803075,1.165793430057927,0.3103479743003845,0.9030084137618541,12.297898785273201,0.0,0.0,0.43062016121092905,203.88920806646345,0.04306201612109291,0.6,tracking:target-only-static-unavailable,419.25,2.0540789906064774
sample_004_0g,0.0,0.5,1,homography,fallback-aruco,12,0.1447775661945343,1.0,pose,2.2070045677437604,1.1584730890817785,0.3038382828235626,0.9037125238031148,12.331232118606534,0.0,0.0,0.43062016121092905,203.88920806646345,0.04306201612109291,0.6,tracking:target-only-static-unavailable,419.25,2.0540789906064774
sample_004_0g,0.0,0.5,1,homography,fallback-aruco,12,0.14101435244083405,1.0,pose,2.210207872373869,1.160426563322742,0.29000619053840637,0.9041358853504061,12.364565451939868,0.0,0.0,0.43062016121092905,203.88920806646345,0.04306201612109291,0.6,tracking:target-only-static-unavailable,419.25,2.0540789906064774
sample_004_0g,0.0,0.5,1,homography,fallback-aruco,12,0.14338746666908264,1.0,pose,2.3024695628881973,1.153679301295606,0.2962210178375244,0.9038689099997282,12.3978987852732,0.0,0.0,0.43062016121092905,203.88920806646345,0.04306201612109291,0.6,tracking:target-only-static-unavailable,419.25,2.056263810997459
sample_004_0g,0.0,0.5,1,homography,fallback-aruco,12,0.15635041892528534,1.0,pose,2.18968806923593,1.1614209245953533,0.324267715215683,0.9024105778709054,12.431232118606534,0.0,0.0,0.22490198987297283,203.88920806646345,0.02249019898729728,0.6,tracking:target-only-static-unavailable,419.25,2.0540789906064774
sample_004_0g,0.0,0.5,1,homography,fallback-aruco,12,0.1512940227985382,1.0,pose,2.1990716933033676,1.16532306585996,0.313219279050827,0.9029794224351645,12.464565451939867,0.0,0.0,0.22490198987297283,203.88920806646345,0.02249019898729728,0.6,tracking:target-only-static-unavailable,419.25,2.056263810997459
sample_004_0g,0.0,0.5,1,homography,fallback-aruco,12,0.15285202860832214,1.0,pose,2.1772153089617383,1.170262392321598,0.3156817555427551,0.9028041467815637,12.4978987852732,0.0,0.0,0.22490198987297283,203.88920806646345,0.02249019898729728,0.6,tracking:target-only-static-unavailable,419.25,2.056263810997459
sample_004_0g,0.0,0.5,1,homography,fallback-aruco,12,0.1524536907672882,1.0,pose,2.2170962626574204,1.1708632825290475,0.31925055384635925,0.9028489597886801,12.531232118606534,0.0,0.0,0.22490198987297283,203.88920806646345,0.02249019898729728,0.6,tracking:target-only-static-unavailable,419.25,2.0540789906064774
sample_004_0g,0.0,0.5,1,homography,fallback-aruco,12,0.14535929262638092,1.0,pose,2.1973962968196643,1.170816835413558,0.30328384041786194,0.903647079579532,12.564565451939867,0.0,0.0,0.22490198987297283,203.88920806646345,0.02249019898729728,0.6,tracking:target-only-static-unavailable,419.25,2.0540789906064774
sample_004_0g,0.0,0.5,1,homography,fallback-aruco,12,0.14427849650382996,1.0,pose,2.256782290801143,1.1640655885103997,0.30186954140663147,0.9037686691433191,12.5978987852732,0.12157973051071166,0.12157973051071166,0.22490198987297283,203.88920806646345,0.02249019898729728,0.6,tracking:target-only-static-unavailable,419.5,2.044076929307453
sample_004_0g,0.0,0.5,1,homography,fallback-aruco,12,0.14981704950332642,1.0,pose,2.2510629958590846,1.1587909104023983,0.3115624189376831,0.9031455819308757,12.631232118606533,0.0,0.0,0.22490198987297283,203.88920806646345,0.02249019898729728,0.6,tracking:target-only-static-unavailable,419.25,2.0540789906064774
sample_004_0g,0.0,0.5,1,homography,fallback-aruco,12,0.1578422635793686,1.0,pose,2.1792799223679444,1.1672571205661157,0.32843583822250366,0.9022427453473211,12.664565451939866,0.0,0.0,0.22490198987297283,203.88920806646345,0.02249019898729728,0.6,tracking:target-only-static-unavailable,419.25,2.0540789906064774
sample_004_0g,0.0,0.5,1,homography,fallback-aruco,12,0.15160012245178223,1.0,pose,2.251903931180266,1.1596691823182754,0.3161875605583191,0.9029449862241744,12.6978987852732,0.0,0.0,0.22490198987297283,203.88920806646345,0.02249019898729728,0.6,tracking:target-only-static-unavailable,419.25,2.056263810997459
sample_004_0g,0.0,0.5,1,homography,fallback-aruco,12,0.14497271180152893,1.0,pose,2.2667421935768624,1.1531113439191591,0.3018096685409546,0.903690569922328,12.731232118606533,0.0,0.0,0.22490198987297283,203.88920806646345,0.02249019898729728,0.6,tracking:target-only-static-unavailable,419.25,2.056263810997459
sample_004_0g,0.0,0.5,1,homography,fallback-aruco,12,0.14557905495166779,1.0,pose,2.231499527227711,1.1605090047477427,0.30463993549346924,0.9036223563179374,12.764565451939866,0.0,0.0,0.22490198987297283,203.88920806646345,0.02249019898729728,0.6,tracking:target-only-static-unavailable,419.25,2.056263810997459
